n,NCBI_ACC,UNIPROT_ID,Organism,INFO,MAG,TAXID,FASTA_aa_FL,FASTA_aa,FASTA_aa_stripped,FASTA_bp_stripped,FASTA_bp,FASTA_bp_optimized,ID_LONG,ID,AA_START,AA_END,AA_LEN,BP_LEN,NAME_PASTED,ORDER_seq_pasted,BP_LEN_2
25,AAC50954.1,MYD88_HUMAN,Homo_sapiens,Human,F,9606,">MYD88_HUMAN_Homo_sapiens
MAAGGPGAGSAAPVSSTSSLPLAALNMRVRRRLSLFLNVRTQVAADWTALAEEMDFEYLE
IRQLETQADPTGRLLDAWQGRPGASVGRLLELLTKLGRDDVLLELGPSIEEDCQKYILKQ
QQEEAEKPLQVAAVDSSVPRTAELAGITTLDDPLGHMPERFDAFICYCPSDIQFVQEMIR
QLEQTNYRLKLCVSDRDVLPGTCVWSIASELIEKRCRRMVVVVSDDYLQSKECDFQTKFA
LSLSPGAHQKRLIPIKYKAMKKEFPSILRFITVCDYTNPCTKSWFWTRLAKALSLP",">MYD88_HUMAN_Homo_sapiens
SLPLAALNMRVRRRLSLFLNVRTQVAADWTALAEEMDFEYLEIRQLETQADPTGRLLDAWQGRPGASVGRLLELLTKLGRDDVLLELGPSIEEDCQKYILKQQQEEA",MSLPLAALNMRVRRRLSLFLNVRTQVAADWTALAEEMDFEYLEIRQLETQADPTGRLLDAWQGRPGASVGRLLELLTKLGRDDVLLELGPSIEEDCQKYILKQQQEEA,"ATGTCTCTCCCTCTCGCCGCCTTAAACATGAGAGTCAGGCGGCGTCTGTCGTTGTTTCTTAACGTCCGCACACAGGTGGC
CGCGGATTGGACAGCACTTGCTGAGGAGATGGACTTCGAATACCTTGAAATTAGACAGCTCGAAACGCAAGCCGACCCCA
CTGGTCGGCTGCTCGACGCATGGCAAGGGAGACCTGGTGCTTCAGTGGGCAGATTACTTGAATTATTAACCAAGCTGGGA
CGAGATGATGTACTTCTCGAGCTGGGGCCTTCGATCGAAGAAGATTGTCAAAAATACATACTAAAGCAGCAACAGGAGGA
GGCC",">MYD88_HUMAN_Homo_sapiens
ATGTCTCTCCCTCTCGCCGCCTTAAACATGAGAGTCAGGCGGCGTCTGTCGTTGTTTCTTAACGTCCGCACACAGGTGGC
CGCGGATTGGACAGCACTTGCTGAGGAGATGGACTTCGAATACCTTGAAATTAGACAGCTCGAAACGCAAGCCGACCCCA
CTGGTCGGCTGCTCGACGCATGGCAAGGGAGACCTGGTGCTTCAGTGGGCAGATTACTTGAATTATTAACCAAGCTGGGA
CGAGATGATGTACTTCTCGAGCTGGGGCCTTCGATCGAAGAAGATTGTCAAAAATACATACTAAAGCAGCAACAGGAGGA
GGCC",PASS,EDLD_25_v3_MYD88_HUMAN,EDLD_25,19,125,107,321,EDLD_25_v3_MYD88_HUMAN_Homo_sapiens_Human (aa 19 - 125),"TTGGAGGCCTAGGCTACGCGTGCCACCATGTCTCTCCCTCTCGCCGCCTTAAACATGAGAGTCAGGCGGCGTCTGTCGTTGTTTCTTAACGTCCGCACACAGGTGGC
CGCGGATTGGACAGCACTTGCTGAGGAGATGGACTTCGAATACCTTGAAATTAGACAGCTCGAAACGCAAGCCGACCCCA
CTGGTCGGCTGCTCGACGCATGGCAAGGGAGACCTGGTGCTTCAGTGGGCAGATTACTTGAATTATTAACCAAGCTGGGA
CGAGATGATGTACTTCTCGAGCTGGGGCCTTCGATCGAAGAAGATTGTCAAAAATACATACTAAAGCAGCAACAGGAGGA
GGCCGGAGGTAGTGGCGGGTCCGAGAAGCCTTTACAGGTGGCCAGA",397
26,NP_001026133.3,MYD88_CHICK,Gallus_gallus,Chicken,F,9031,">MYD88_CHICK_Gallus_gallus
MATVPVGAGSAPGPEPADLHSVPMVALNYGVRRRLGLYLNPRAATAADWTALAEKLGHDY
LEIRRLEALPDPTAALLEEWQSRCPGGATVGQLLELLRQLGRHDVLLELGGSVEEDCKKY
LRRKQQEAEQPLQVPAVDSSVPKTSELMGITTRDDPYGHGTEMFDAFICYCQKDLQFVQE
MIRELEQTEFKLKLCVFDRDVLPGTCVWSISGELIERRCRRMVVVISDDYLESDECDFQT
KFALSLSPGARLKRLIPVKCKTMKNEFPSILRFITICDYTNPCTKKWFWTRLAKSLLLP",">MYD88_CHICK_Gallus_gallus
MATVPVGAGSAPGPEPADLHSVPMVALNYGVRRRLGLYLNPRAATAADWTALAEKLGHDYLEIRRLEALPDPTAALLEEWQSRCPGGATVGQLLELLRQLGRHDVLLELGGSVEEDCKKYLRRKQQEAE",MATVPVGAGSAPGPEPADLHSVPMVALNYGVRRRLGLYLNPRAATAADWTALAEKLGHDYLEIRRLEALPDPTAALLEEWQSRCPGGATVGQLLELLRQLGRHDVLLELGGSVEEDCKKYLRRKQQEAE,"ATGGCAACCGTGCCCGTTGGCGCTGGCTCTGCCCCGGGACCGGAGCCCGCCGATCTACACAGTGTGCCTATGGTTGCCCT
AAACTATGGCGTGCGTCGGAGATTGGGCTTGTATCTCAACCCGAGAGCTGCCACTGCCGCCGATTGGACGGCTCTAGCCG
AAAAGCTGGGTCATGACTATTTGGAGATACGAAGATTGGAAGCGCTACCGGACCCTACCGCCGCGTTACTTGAAGAGTGG
CAATCGCGATGTCCTGGAGGAGCAACAGTCGGGCAGCTCCTTGAATTGTTACGGCAGCTCGGACGACATGATGTACTACT
AGAATTGGGTGGTTCTGTTGAAGAGGATTGCAAAAAGTACCTGCGCAGGAAACAACAGGAAGCTGAA",">MYD88_CHICK_Gallus_gallus
ATGGCGACGGTGCCGGTAGGCGCCGGCTCGGCCCCCGGGCCGGAGCCGGCGGACTTACACTCGGTTCCAATGGTTGCCCT
CAATTATGGTGTTAGAAGGCGCTTGGGATTATACCTGAACCCAAGGGCTGCGACAGCCGCAGACTGGACAGCTTTGGCAG
AAAAGTTAGGTCACGACTATTTAGAGATCCGTAGACTGGAGGCCCTCCCTGACCCAACGGCGGCCCTACTTGAAGAATGG
CAGAGTCGGTGTCCCGGCGGAGCGACAGTAGGACAACTATTGGAATTACTGCGGCAATTGGGTCGGCACGATGTGCTCCT
CGAACTAGGAGGTTCGGTGGAGGAGGACTGCAAGAAATATCTGAGGAGGAAACAGCAAGAGGCG",PASS,EDLD_26_v2_MYD88_CHICK,EDLD_26,1,128,128,384,EDLD_26_v2_MYD88_CHICK_Gallus_gallus_Chicken (aa 1 - 128),"TTGGAGGCCTAGGCTACGCGTGCCACCATGGCAACCGTGCCCGTTGGCGCTGGCTCTGCCCCGGGACCGGAGCCCGCCGATCTACACAGTGTGCCTATGGTTGCCCT
AAACTATGGCGTGCGTCGGAGATTGGGCTTGTATCTCAACCCGAGAGCTGCCACTGCCGCCGATTGGACGGCTCTAGCCG
AAAAGCTGGGTCATGACTATTTGGAGATACGAAGATTGGAAGCGCTACCGGACCCTACCGCCGCGTTACTTGAAGAGTGG
CAATCGCGATGTCCTGGAGGAGCAACAGTCGGGCAGCTCCTTGAATTGTTACGGCAGCTCGGACGACATGATGTACTACT
AGAATTGGGTGGTTCTGTTGAAGAGGATTGCAAAAAGTACCTGCGCAGGAAACAACAGGAAGCTGAAGGAGGTAGTGGCGGGTCCGAGAAGCCTTTACAGGTGGCCAGA",460
27,NP_997979.2,MYD88_DANRE,Danio_rerio,Zebrafish,F,7955,">MYD88_DANRE_Danio_rerio
MASKLSIDHEAIPVTALNCSFRKKLGLFLNPTNTVAADWRTVAELMDFTYLEIKNFEKRD
CPFEKVLTDWETRPDATVANLLSILEKAERKDVISELKEILDDDCRKYMERQQRKPLQVP
VVDSCGPRTQEREGITLYDDPQGLTPETFDAFICYCQSDIQFVHEMIKQLEHTEYNLKLC
VFDRDVLPGTCVWTIASELIEKRCKRMVVVISDDYLDSDACDFQTKFALSLCPGARTKRL
IPVVYKSMKRPFPSILRFLTICDYSKPCTQVWFWTRLAKALSLP",">MYD88_DANRE_Danio_rerio
MASKLSIDHEAIPVTALNCSFRKKLGLFLNPTNTVAADWRTVAELMDFTYLEIKNFEKRDCPFEKVLTDWETRPDATVANLLSILEKAERKDVISELKEILDDDCRKYMERQQRK",MASKLSIDHEAIPVTALNCSFRKKLGLFLNPTNTVAADWRTVAELMDFTYLEIKNFEKRDCPFEKVLTDWETRPDATVANLLSILEKAERKDVISELKEILDDDCRKYMERQQRK,"ATGGCTTCGAAGCTTAGTATCGATCATGAAGCCATTCCGGTTACAGCCCTGAACTGCTCATTTCGGAAGAAATTAGGATT
GTTTCTTAACCCCACCAACACTGTAGCGGCTGATTGGAGGACTGTAGCCGAACTGATGGATTTCACGTACCTCGAAATCA
AGAACTTCGAGAAACGAGATTGCCCTTTTGAGAAGGTACTCACGGACTGGGAAACCCGCCCGGACGCCACTGTAGCCAAT
CTTTTGTCCATATTAGAAAAGGCAGAAAGGAAAGACGTAATCTCAGAGTTAAAGGAGATCCTTGACGACGATTGTCGGAA
GTATATGGAGAGGCAGCAACGGAAA",">MYD88_DANRE_Danio_rerio
ATGGCTTCGAAGCTTAGTATCGATCATGAAGCCATTCCGGTTACAGCCCTGAACTGCTCATTTCGGAAGAAATTAGGATT
GTTTCTTAACCCCACCAACACTGTAGCGGCTGATTGGAGGACTGTAGCCGAACTGATGGATTTCACGTACCTCGAAATCA
AGAACTTCGAGAAACGAGATTGCCCTTTTGAGAAGGTACTCACGGACTGGGAAACCCGCCCGGACGCCACTGTAGCCAAT
CTTTTGTCCATATTAGAAAAGGCAGAAAGGAAAGACGTAATCTCAGAGTTAAAGGAGATCCTTGACGACGATTGTCGGAA
GTATATGGAGAGGCAGCAACGGAAA",PASS,EDLD_27_v2_MYD88_DANRE,EDLD_27,1,115,115,345,EDLD_27_v2_MYD88_DANRE_Danio_rerio_Zebrafish (aa 1 - 115),"TTGGAGGCCTAGGCTACGCGTGCCACCATGGCTTCGAAGCTTAGTATCGATCATGAAGCCATTCCGGTTACAGCCCTGAACTGCTCATTTCGGAAGAAATTAGGATT
GTTTCTTAACCCCACCAACACTGTAGCGGCTGATTGGAGGACTGTAGCCGAACTGATGGATTTCACGTACCTCGAAATCA
AGAACTTCGAGAAACGAGATTGCCCTTTTGAGAAGGTACTCACGGACTGGGAAACCCGCCCGGACGCCACTGTAGCCAAT
CTTTTGTCCATATTAGAAAAGGCAGAAAGGAAAGACGTAATCTCAGAGTTAAAGGAGATCCTTGACGACGATTGTCGGAA
GTATATGGAGAGGCAGCAACGGAAAGAGAAGCCTTTACAGGTGGCCAGA",400
28,NP_001081001.1,MYD88_XENTR,Xenopus_laevis,African_Clawed_Frog,F,8364,">MYD88_XENTR_Xenopus_laevis
MACGSSLGSVDMNSIPLVALNYNVRHRLSLYLNPNAVVAAGWTQLAEEMGYDYLEIKNFE
RFPDCTMKLLEDWEKKCFRATVGGLLEMLKKMERNDILTDLGPLIEADCMKHLEKKNAPL
PLQDDKVDSSEQYRITKSDDPSGSLPETFDAFICYCAQDISFVQEMISRLEQTDYKLKLC
VFDRDVLPGTCLWSITSELIEHRCRKMVVIISDDYLDSSECDFQTKFALSLGPGAREKRL
IPVKYKPMKRPFPSILRFITLCDYTNPCTKGWFWERLAKALSR",">MYD88_XENTR_Xenopus_laevis
MACGSSLGSVDMNSIPLVALNYNVRHRLSLYLNPNAVVAAGWTQLAEEMGYDYLEIKNFERFPDCTMKLLEDWEKKCFRATVGGLLEMLKKMERNDILTDLGPLIEADCMKHLEKKNAPLP",MACGSSLGSVDMNSIPLVALNYNVRHRLSLYLNPNAVVAAGWTQLAEEMGYDYLEIKNFERFPDCTMKLLEDWEKKCFRATVGGLLEMLKKMERNDILTDLGPLIEADCMKHLEKKNAPLP,"ATGGCTTGCGGATCGTCATTGGGATCCGTCGATATGAATAGCATTCCACTAGTGGCCTTGAACTACAACGTCCGGCATAG
GCTTTCCCTCTACCTCAACCCCAATGCCGTAGTCGCAGCGGGTTGGACGCAACTGGCAGAAGAAATGGGTTATGATTATC
TCGAGATAAAGAACTTTGAGAGATTCCCTGACTGTACTATGAAGTTATTAGAAGATTGGGAAAAGAAATGCTTCCGCGCA
ACGGTGGGGGGCCTACTCGAAATGCTTAAAAAAATGGAAAGGAATGACATTCTAACGGATCTGGGTCCCCTAATAGAAGC
TGACTGTATGAAGCATTTGGAAAAGAAGAATGCGCCTCTGCCT","ATGGCTTGCGGATCGTCATTGGGATCCGTCGATATGAATAGCATTCCACTAGTGGCCTTGAACTACAACGTCCGGCATAG
GCTTTCCCTCTACCTCAACCCCAATGCCGTAGTCGCAGCGGGTTGGACGCAACTGGCAGAAGAAATGGGTTATGATTATC
TCGAGATAAAGAACTTTGAGAGATTCCCTGACTGTACTATGAAGTTATTAGAAGATTGGGAAAAGAAATGCTTCCGCGCA
ACGGTGGGGGGCCTACTCGAAATGCTTAAAAAAATGGAAAGGAATGACATTCTAACGGATCTGGGTCCCCTAATAGAAGC
TGACTGTATGAAGCATTTGGAAAAGAAGAATGCGCCTCTGCCT",PASS,EDLD_28_v2_MYD88_XENTR,EDLD_28,1,121,121,363,EDLD_28_v2_MYD88_XENTR_Xenopus_laevis_African_Clawed_Frog (aa 1 - 121),"TTGGAGGCCTAGGCTACGCGTGCCACCATGGCTTGCGGATCGTCATTGGGATCCGTCGATATGAATAGCATTCCACTAGTGGCCTTGAACTACAACGTCCGGCATAG
GCTTTCCCTCTACCTCAACCCCAATGCCGTAGTCGCAGCGGGTTGGACGCAACTGGCAGAAGAAATGGGTTATGATTATC
TCGAGATAAAGAACTTTGAGAGATTCCCTGACTGTACTATGAAGTTATTAGAAGATTGGGAAAAGAAATGCTTCCGCGCA
ACGGTGGGGGGCCTACTCGAAATGCTTAAAAAAATGGAAAGGAATGACATTCTAACGGATCTGGGTCCCCTAATAGAAGC
TGACTGTATGAAGCATTTGGAAAAGAAGAATGCGCCTCTGCCTGAGAAGCCTTTACAGGTGGCCAGA",418
29,XP_003221916.1,R4GCS1_ANOCA,Anolis_carolinensis,Green_Anole,F,28377,">R4GCS1_ANOCA_Anolis_carolinensis
MAGSSPSPSPSPSGEDEEGGGWRAAPLVALNYALRRRLSLLLNPGAAVAADWASLAEALG
YEFLEIRAFEAHADPTAQLLHDWQRRASPPATAGALLDALRRLHRHDVLADLAPAIEEDC
KKYLQRKREEQAERPVQVPAVDSSFPRMSELRGITTQDDPMGQFPEMFDAFICYCQSDLP
FVQEMIQELEHTDHKVKLCVFDRDVLPGTCVWSITSELIERRCRKMVVVISDDYLESEEC
DFQTKFALSLSPGARQKRLIPVKCKTMKKEFPSILRFITLCDYTNPATKKWFWMRLAKSL
LLP",">R4GCS1_ANOCA_Anolis_carolinensis
MAGSSPSPSPSPSGEDEEGGGWRAAPLVALNYALRRRLSLLLNPGAAVAADWASLAEALGYEFLEIRAFEAHADPTAQLLHDWQRRASPPATAGALLDALRRLHRHDVLADLAPAIEEDCKKYLQRKREEQA",MAGSSPSPSPSPSGEDEEGGGWRAAPLVALNYALRRRLSLLLNPGAAVAADWASLAEALGYEFLEIRAFEAHADPTAQLLHDWQRRASPPATAGALLDALRRLHRHDVLADLAPAIEEDCKKYLQRKREEQA,"ATGGCTGGATCTTCCCCGTCTCCGTCGCCCTCGCCCTCAGGTGAGGATGAGGAGGGGGGGGGATGGCGGGCAGCACCCCT
AGTGGCCCTTAACTATGCCCTTCGTCGGCGCCTAAGTCTCTTGTTAAATCCGGGCGCTGCTGTTGCTGCTGACTGGGCCT
CACTAGCGGAGGCATTAGGGTATGAGTTTTTGGAAATCCGGGCTTTCGAGGCACACGCGGATCCCACCGCACAGCTTCTA
CATGACTGGCAAAGGCGCGCTTCACCGCCGGCGACCGCCGGAGCCTTGCTGGACGCGTTGCGAAGGCTACACCGACACGA
TGTATTAGCAGACCTCGCGCCAGCAATAGAAGAAGACTGCAAGAAGTATCTCCAACGGAAACGTGAGGAGCAGGCT",">R4GCS1_ANOCA_Anolis_carolinensis
ATGGCTGGATCTTCCCCGTCTCCGTCGCCCTCGCCCTCAGGTGAGGATGAGGAGGGGGGGGGATGGCGGGCAGCACCCCT
AGTGGCCCTTAACTATGCCCTTCGTCGGCGCCTAAGTCTCTTGTTAAATCCGGGCGCTGCTGTTGCTGCTGACTGGGCCT
CACTAGCGGAGGCATTAGGGTATGAGTTTTTGGAAATCCGGGCTTTCGAGGCACACGCGGATCCCACCGCACAGCTTCTA
CATGACTGGCAAAGGCGCGCTTCACCGCCGGCGACCGCCGGAGCCTTGCTGGACGCGTTGCGAAGGCTACACCGACACGA
TGTATTAGCAGACCTCGCGCCAGCAATAGAAGAAGACTGCAAGAAGTATCTCCAACGGAAACGTGAGGAGCAGGCT",PASS,EDLD_29_v2_R4GCS1_ANOCA,EDLD_29,1,132,132,396,EDLD_29_v2_R4GCS1_ANOCA_Anolis_carolinensis_Green_Anole (aa 1 - 132),"TTGGAGGCCTAGGCTACGCGTGCCACCATGGCTGGATCTTCCCCGTCTCCGTCGCCCTCGCCCTCAGGTGAGGATGAGGAGGGGGGGGGATGGCGGGCAGCACCCCT
AGTGGCCCTTAACTATGCCCTTCGTCGGCGCCTAAGTCTCTTGTTAAATCCGGGCGCTGCTGTTGCTGCTGACTGGGCCT
CACTAGCGGAGGCATTAGGGTATGAGTTTTTGGAAATCCGGGCTTTCGAGGCACACGCGGATCCCACCGCACAGCTTCTA
CATGACTGGCAAAGGCGCGCTTCACCGCCGGCGACCGCCGGAGCCTTGCTGGACGCGTTGCGAAGGCTACACCGACACGA
TGTATTAGCAGACCTCGCGCCAGCAATAGAAGAAGACTGCAAGAAGTATCTCCAACGGAAACGTGAGGAGCAGGCTGGAGGTAGTGGCGGGTCCGAGAAGCCTTTACAGGTGGCCAGA",469
30,AHN56044.1,Q7K105_DROME,Drosophila_melanogaster,Fruit_Fly,F,7227,">Q7K105_DROME_Drosophila_melanogaster
MRPRFVCHQQHSVAHSHYQPHSHFHHHTHRHPNPPHHHHIYGATDVSYRRYRTAGMVVAE
GVMDSGSGSGTGTGLGHFNETPLSALGIETRTQLSRMLNRKKVLRSEEGYQRDWRGISEL
AKQKGFVDENANNPMDLVLISWSQRSPQTAKVGHLEHFLGIIDRWDVCDDIQENLAKDTQ
RFIMKQEQRQTALVEACPPPPSDCFETNNNYSSSNNITVGQSVQILSDEDQRCVQMGQPL
PRYNACVLYAEADIDHATEIMNNLESERYNLRLFLRHRDMLMGVPFEHVQLSHFMATRCN
HLIVVLTEEFLRSPENTYLVNFTQKIQIENHTRKIIPILYKTDMHIPQTLGIYTHIKYAG
DSKLFNFWDKLARSLHDLDAFSIYSTRQVQTPSPVEESAPRVTTPSIRIQINDKDVTDMP
NYNSCKVPEAETTIVSVSGDTGSPLPEHKPKKKDRFLRRITHSFGKTARSDGASGKTLRH
AHSVSTINVTERERTLSASSSNISTTSESKKSFIKWQPNILKKALFSRSSSKLQTPG",">Q7K105_DROME_Drosophila_melanogaster
MVVAEGVMDSGSGSGTGTGLGHFNETPLSALGIETRTQLSRMLNRKKVLRSEEGYQRDWRGISELAKQKGFVDENANNPMDLVLISWSQRSPQTAKVGHLEHFLGIIDRWDVCDDIQENLAKDTQRFIMKQEQRQA",MVVAEGVMDSGSGSGTGTGLGHFNETPLSALGIETRTQLSRMLNRKKVLRSEEGYQRDWRGISELAKQKGFVDENANNPMDLVLISWSQRSPQTAKVGHLEHFLGIIDRWDVCDDIQENLAKDTQRFIMKQEQRQA,"ATGGTCGTGGCTGAGGGGGTCATGGACTCCGGCAGTGGTTCCGGGACCGGAACGGGACTTGGACATTTTAATGAGACTCC
GCTCTCAGCGTTAGGGATTGAGACTAGGACCCAGCTCTCACGGATGTTGAACCGGAAGAAGGTGCTTCGTTCAGAAGAGG
GCTACCAACGCGATTGGCGGGGGATTTCGGAACTGGCTAAACAGAAAGGTTTCGTGGATGAAAATGCTAACAATCCCATG
GATCTTGTACTTATATCCTGGTCCCAAAGGAGTCCTCAAACAGCTAAGGTGGGTCACCTAGAACACTTTCTCGGAATCAT
CGACAGATGGGATGTCTGCGATGACATTCAGGAGAATTTAGCTAAGGACACCCAGAGATTTATAATGAAGCAAGAGCAAC
GCCAAGCA",">Q7K105_DROME_Drosophila_melanogaster
ATGGTCGTGGCTGAGGGGGTCATGGACTCCGGCAGTGGTTCCGGGACCGGAACGGGACTTGGACATTTTAATGAGACTCC
GCTCTCAGCGTTAGGGATTGAGACTAGGACCCAGCTCTCACGGATGTTGAACCGGAAGAAGGTGCTTCGTTCAGAAGAGG
GCTACCAACGCGATTGGCGGGGGATTTCGGAACTGGCTAAACAGAAAGGTTTCGTGGATGAAAATGCTAACAATCCCATG
GATCTTGTACTTATATCCTGGTCCCAAAGGAGTCCTCAAACAGCTAAGGTGGGTCACCTAGAACACTTTCTCGGAATCAT
CGACAGATGGGATGTCTGCGATGACATTCAGGAGAATTTAGCTAAGGACACCCAGAGATTTATAATGAAGCAAGAGCAAC
GCCAAGCA",PASS,EDLD_30_v2_Q7K105_DROME,EDLD_30,1,134,134,402,EDLD_30_v2_Q7K105_DROME_Drosophila_melanogaster_Fruit_Fly (aa 1 - 134),"TTGGAGGCCTAGGCTACGCGTGCCACCATGGTCGTGGCTGAGGGGGTCATGGACTCCGGCAGTGGTTCCGGGACCGGAACGGGACTTGGACATTTTAATGAGACTCC
GCTCTCAGCGTTAGGGATTGAGACTAGGACCCAGCTCTCACGGATGTTGAACCGGAAGAAGGTGCTTCGTTCAGAAGAGG
GCTACCAACGCGATTGGCGGGGGATTTCGGAACTGGCTAAACAGAAAGGTTTCGTGGATGAAAATGCTAACAATCCCATG
GATCTTGTACTTATATCCTGGTCCCAAAGGAGTCCTCAAACAGCTAAGGTGGGTCACCTAGAACACTTTCTCGGAATCAT
CGACAGATGGGATGTCTGCGATGACATTCAGGAGAATTTAGCTAAGGACACCCAGAGATTTATAATGAAGCAAGAGCAAC
GCCAAGCAGGAGGTAGTGGCGGGTCCGAGAAGCCTTTACAGGTGGCCAGA",482
31,VDN25015.1,A0A183E1S8_9BILA,Gongylonema_pulchrum,Throat_Threadworm,F,637853,">A0A183E1S8_9BILA_Gongylonema_pulchrum
MLSRSPEVEATDGDLDALIRKAQHEPVSAAMADSFGDSAVVPDNVAITRIPVQPSFLISF
MVDARGGAMRGCRHSGVRIIIPPRKAPQPTRITCRYLRKDKLAHPPPLSEGEALASRILE
MAPHGAKFLGPVILEVPHFASLRGREREIVILRSDDGQHWKEHQLEATEDAVQEVLNESF
DAEELSQLDDLHTSRITRILTNDFPMYFAVVTRVRQEVHCVGPEGGVILSSVVPRVQAIF
PDGSLTKTIKVSVQAQPVPQEIVTRLHGNRVAVSPIVTVEPRRRKFHKPITLCIPLPQSP
NKGMLTQYSGQPGQEPPTLRLLCSITGGSAPAQWEDITGTTQLTFTGDDVSFTTTVSARF
WLMDCQTPRDAARMAQEVYNEAIAVPYMARFVVFARRSFPTEGQLRVFCMTDDREDKTLE
KQEHFIEIAKSRDVEVLSGRHQFLEFSGNILPVTKSGDQLSLYFLPFQENRLAFVIKTRA
HTDEEAAAGGRIAFMKEPKIRADSLPPQTPLCTLAITLPEYTGPVPMVSKAADLGAPLKE
KYTAAFRETVEPDGLPLAQVARLIGADWHRLARALEVPDADIRQVRHQLVGREAATILRI
WLFLRKEKATLAALRTALERIGRDDVVREMNRGGEPVDAEGTPVSHASVPSTMIISANLQ
QTDGIPYTQPVSITLLLFFFFIFDVMQKRILMRYCWGVCMCIYXXXXQQTDGIPYTQPVS
ITLLLFFFLYLM",">A0A183E1S8_9BILA_Gongylonema_pulchrum
MAADLGAPLKEKYTAAFRETVEPDGLPLAQVARLIGADWHRLARALEVPDADIRQVRHQLVGREAATILRIWLFLRKEKATLAALRTALERIGRDDVVREMNRGGEPVDAEGTPV",MAADLGAPLKEKYTAAFRETVEPDGLPLAQVARLIGADWHRLARALEVPDADIRQVRHQLVGREAATILRIWLFLRKEKATLAALRTALERIGRDDVVREMNRGGEPVDAEGTPV,"ATGGCCGCTGACCTCGGAGCACCGCTCAAGGAAAAGTACACGGCGGCTTTCCGAGAAACTGTTGAACCAGACGGTCTCCC
GTTGGCGCAAGTGGCACGGCTTATTGGAGCTGACTGGCACAGGTTAGCCCGTGCACTCGAAGTGCCCGATGCGGACATCC
GCCAGGTCAGACACCAACTGGTGGGACGTGAAGCTGCCACAATTTTGCGTATCTGGCTTTTCCTAAGAAAAGAGAAGGCC
ACGCTGGCAGCTCTGCGAACTGCCCTGGAAAGAATCGGGCGTGATGACGTCGTTCGAGAAATGAACCGCGGGGGTGAACC
GGTTGACGCAGAGGGTACTCCCGTC",">A0A183E1S8_9BILA_Gongylonema_pulchrum
ATGGCCGCTGACCTCGGAGCACCGCTCAAGGAAAAGTACACGGCGGCTTTCCGAGAAACTGTTGAACCAGACGGTCTCCC
GTTGGCGCAAGTGGCACGGCTTATTGGAGCTGACTGGCACAGGTTAGCCCGTGCACTCGAAGTGCCCGATGCGGACATCC
GCCAGGTCAGACACCAACTGGTGGGACGTGAAGCTGCCACAATTTTGCGTATCTGGCTTTTCCTAAGAAAAGAGAAGGCC
ACGCTGGCAGCTCTGCGAACTGCCCTGGAAAGAATCGGGCGTGATGACGTCGTTCGAGAAATGAACCGCGGGGGTGAACC
GGTTGACGCAGAGGGTACTCCCGTC",PASS,EDLD_31_v2_A0A183E1S8_9BILA,EDLD_31,531,644,114,342,EDLD_31_v2_A0A183E1S8_9BILA_Gongylonema_pulchrum_Throat_Threadworm (aa 531 - 644),"TTGGAGGCCTAGGCTACGCGTGCCACCATGGCCGCTGACCTCGGAGCACCGCTCAAGGAAAAGTACACGGCGGCTTTCCGAGAAACTGTTGAACCAGACGGTCTCCC
GTTGGCGCAAGTGGCACGGCTTATTGGAGCTGACTGGCACAGGTTAGCCCGTGCACTCGAAGTGCCCGATGCGGACATCC
GCCAGGTCAGACACCAACTGGTGGGACGTGAAGCTGCCACAATTTTGCGTATCTGGCTTTTCCTAAGAAAAGAGAAGGCC
ACGCTGGCAGCTCTGCGAACTGCCCTGGAAAGAATCGGGCGTGATGACGTCGTTCGAGAAATGAACCGCGGGGGTGAACC
GGTTGACGCAGAGGGTACTCCCGTCGGAGGTAGTGGCGGGTCCGAGAAGCCTTTACAGGTGGCCAGA",418
32,CAB62796.1,G5EFS1_CAEEL,Caenorhabditis_elegans,Roundworm,F,6239,">G5EFS1_CAEEL_Caenorhabditis_elegans
MSKADENDANLTENGVHKSRSDSEINSHTSSIHKSSSQHRRLFIDDISTIEASAGDRVWA
TCSGAGDATELITIHFLGDQFEESAIDVVRKHSLVMFTVPSLKVDSELEVELRFSTSNDN
VTTISFKYLPRKIQRSHTQEISLFDNLLEFATNGDTISLLQPFVAQISKQDIEGNTVFHV
AAKNGQSFSLKLLLSVIPPDIKNEVINVQNTHGLTALHVAIRTGDPDAVHYLMNHGAKID
ISDNHGSTALHYLGDAYNESIFKEILEPSRGQRFDVNQLNSEGFAPIHVAVRRLKLSLIE
MLIEAGALIDFLDTEKKRNALMHAIEMNDFETIQLLVERGSGTNIEDESGETALSLAVKN
VNYPVIGLLLDNGADPNRQNSKGICLADSEDSVIQNIINGDRPELPKKEAFGVPNDLAIS
RSPLFGRSHPDQAPGEESGRHRVVKRSREEILNDAQTLLAETDSMAPRVSRISTSESEDE
QQPGPSTSSGTRRRRSEWDRNPKLSDSVCNLDYLTRIRVAKIFDDQCKWQRLAQQLNCDH
MVELISICSSGDDSSPTMILLDQFEQLEDSSISRLRDAMNQMAEDDAVKLIDSRYVY",">G5EFS1_CAEEL_Caenorhabditis_elegans
MSEWDRNPKLSDSVCNLDYLTRIRVAKIFDDQCKWQRLAQQLNCDHMVELISICSSGDDSSPTMILLDQFEQLEDSSISRLRDAMNQMAEDDAVKLIDSRYVY",MSEWDRNPKLSDSVCNLDYLTRIRVAKIFDDQCKWQRLAQQLNCDHMVELISICSSGDDSSPTMILLDQFEQLEDSSISRLRDAMNQMAEDDAVKLIDSRYVY,"ATGAGCGAATGGGACAGGAACCCAAAATTGTCTGACTCCGTTTGCAATCTAGACTATCTGACAAGAATCAGAGTCGCTAA
AATATTTGATGATCAATGCAAGTGGCAGCGGCTCGCTCAGCAGCTTAATTGTGACCACATGGTAGAACTCATTTCGATTT
GCAGTTCAGGTGATGATTCATCACCTACTATGATTCTACTAGACCAATTCGAGCAACTTGAAGACAGCTCGATCAGTCGG
TTGCGGGATGCCATGAACCAGATGGCAGAAGACGACGCGGTGAAGCTTATCGACAGTCGCTATGTCTAT",">G5EFS1_CAEEL_Caenorhabditis_elegans
ATGAGCGAATGGGACAGGAACCCAAAATTGTCTGACTCCGTTTGCAATCTAGACTATCTGACAAGAATCAGAGTCGCTAA
AATATTTGATGATCAATGCAAGTGGCAGCGGCTCGCTCAGCAGCTTAATTGTGACCACATGGTAGAACTCATTTCGATTT
GCAGTTCAGGTGATGATTCATCACCTACTATGATTCTACTAGACCAATTCGAGCAACTTGAAGACAGCTCGATCAGTCGG
TTGCGGGATGCCATGAACCAGATGGCAGAAGACGACGCGGTGAAGCTTATCGACAGTCGCTATGTCTAT",PASS,EDLD_32_v2_G5EFS1_CAEEL,EDLD_32,496,597,102,306,EDLD_32_v2_G5EFS1_CAEEL_Caenorhabditis_elegans_Roundworm (aa 496 - 597),"TTGGAGGCCTAGGCTACGCGTGCCACCATGAGCGAATGGGACAGGAACCCAAAATTGTCTGACTCCGTTTGCAATCTAGACTATCTGACAAGAATCAGAGTCGCTAA
AATATTTGATGATCAATGCAAGTGGCAGCGGCTCGCTCAGCAGCTTAATTGTGACCACATGGTAGAACTCATTTCGATTT
GCAGTTCAGGTGATGATTCATCACCTACTATGATTCTACTAGACCAATTCGAGCAACTTGAAGACAGCTCGATCAGTCGG
TTGCGGGATGCCATGAACCAGATGGCAGAAGACGACGCGGTGAAGCTTATCGACAGTCGCTATGTCTATGGAGGTAGTGGCGGGTCCGAGAAGCCTTTACAGGTGGCCAGA",381
33,CAG0889803.1,A0A7R8X875_9CRUS,Darwinula_stevensoni,A_species_of_ostracod_(Seed_Shrimp),F,69355,">A0A7R8X875_9CRUS_Darwinula_stevensoni
MTEDFVRGGDTEEVVNALALGEIEKMLQAGIRLPFSTATGEKSDMALPKSVADILVRHAQ
ELKFIDLNSVLDDLRAEGIIRQHAYYDILRRDTRKKTMFLVEYLPASGDNAFRTFINVLR
KRKYADLADRLEKGEDLITLSQEEDIRKTDSYVAKIDSIFSILFRKNPHSTYKKLLKVLE
SMERDDIVDRVEGGLAIDETRESSISLISSRYSFLTHERAMSDVADILARYTEDLSFIDL
KIIFGDLMVQGIIKHHEYFEIVNDGTREKQQRLFLQEHLPQRGDNAFPTFITILRQRGYG
SLASKLETGRDRSAKTFALVGLGERCDRPLASPVPTLNDFALTLFTENERGTTFDRIPAT
VDYPHVSKLVKWGFDLDFDPKTASATHENYKEKSKLREMHSSGIKFGNGMHKGAQVTERT
MRPITRTFKREMSSGRRGVQERLGSDAKTSPKDFYRCSFWFPFGLGEKRTMAHVAEILIR
HKGELNFINFETVLADLRVEGIINHFEYFDIVNKNTREKTLFLLECLPRSGDNAFSIFIE
VLRRRNHAKFADILEQDVRDFLHQLSGEDLITLPEEEDIKKKDTYFEKIDSVFSILFKKK
TDSTYEKLLKVLEAMERDDIIDRVEGGSVRSESPRSLTDIIQAKWDVLIDCLKVDEITSY
LLKSGVLTQGDRDEIATPRREKERRITLLAKLPARIESRTFEKFLDALKAVGQDFMFKEL
RSQWEEIESPTPEEKSTLLNQTQDPGIFNGVRVCLMHNGIHADPSFLRTKTSPREDLTTE
EERREGVLEGSGCSAGIPSDDDAWEMAKLLEESWDEWEDIGQQLKIDEKDLKRIREMKKD
QPRTTYLLLQHWRVSSSNDRPSTFETLCKALLKQGMKPQADAITLYAIAKEKAGSPLLKE
EPSDDDIWEIAGKLQEKSDEWEDLGRQLGVSEDQLRRIREMKKGPLRTLYLLLAQWKNSS
SNEQPTTFASLHKALLKQGMKPEADEIINVICKKKSVEVKEGK",">A0A7R8X875_9CRUS_Darwinula_stevensoni
MAGSPLLKEEPSDDDIWEIAGKLQEKSDEWEDLGRQLGVSEDQLRRIREMKKGPLRTLYLLLAQWKNSSSNEQPTTFASLHKALLKQGMKPEADEIINVICKKKSVEVKEG",MAGSPLLKEEPSDDDIWEIAGKLQEKSDEWEDLGRQLGVSEDQLRRIREMKKGPLRTLYLLLAQWKNSSSNEQPTTFASLHKALLKQGMKPEADEIINVICKKKSVEVKEG,"ATGGCCGGCAGCCCACTGCTTAAGGAAGAACCATCCGACGACGATATATGGGAAATAGCCGGAAAATTGCAGGAAAAGTC
AGACGAATGGGAAGACCTAGGGCGGCAATTGGGGGTTTCAGAAGATCAATTGCGTCGCATACGGGAGATGAAAAAAGGGC
CCTTGCGGACCCTTTACCTGCTGCTCGCGCAATGGAAAAACTCGTCGTCCAACGAACAACCTACAACATTTGCCTCACTA
CACAAGGCCCTTCTGAAACAAGGGATGAAGCCCGAAGCCGACGAGATAATAAATGTTATTTGTAAAAAAAAGAGTGTCGA
GGTTAAAGAGGGC",">A0A7R8X875_9CRUS_Darwinula_stevensoni
ATGGCCGGCAGCCCACTGCTTAAGGAAGAACCATCCGACGACGATATATGGGAAATAGCCGGAAAATTGCAGGAAAAGTC
AGACGAATGGGAAGACCTAGGGCGGCAATTGGGGGTTTCAGAAGATCAATTGCGTCGCATACGGGAGATGAAAAAAGGGC
CCTTGCGGACCCTTTACCTGCTGCTCGCGCAATGGAAAAACTCGTCGTCCAACGAACAACCTACAACATTTGCCTCACTA
CACAAGGCCCTTCTGAAACAAGGGATGAAGCCCGAAGCCGACGAGATAATAAATGTTATTTGTAAAAAAAAGAGTGTCGA
GGTTAAAGAGGGC",PASS,EDLD_33_v2_A0A7R8X875_9CRUS,EDLD_33,893,1002,110,330,EDLD_33_v2_A0A7R8X875_9CRUS_Darwinula_stevensoni_A_species_of_ostracod_(Seed_Shrimp) (aa 893 - 1002),"TTGGAGGCCTAGGCTACGCGTGCCACCATGGCCGGCAGCCCACTGCTTAAGGAAGAACCATCCGACGACGATATATGGGAAATAGCCGGAAAATTGCAGGAAAAGTC
AGACGAATGGGAAGACCTAGGGCGGCAATTGGGGGTTTCAGAAGATCAATTGCGTCGCATACGGGAGATGAAAAAAGGGC
CCTTGCGGACCCTTTACCTGCTGCTCGCGCAATGGAAAAACTCGTCGTCCAACGAACAACCTACAACATTTGCCTCACTA
CACAAGGCCCTTCTGAAACAAGGGATGAAGCCCGAAGCCGACGAGATAATAAATGTTATTTGTAAAAAAAAGAGTGTCGA
GGTTAAAGAGGGCGGAGGTAGTGGCGGGTCCGAGAAGCCTTTACAGGTGGCCAGA",406
34,RMX45414.1,A0A3M6TVW5_POCDA,Pocillopora_damicornis,Cauliflower_Coral,F,46731,">A0A3M6TVW5_POCDA_Pocillopora_damicornis
MSGEKLVKDLSYEAHFLIYKLLLPPAPGRDWKTLADKMGYTQETILYYECLNNPVKELIS
DYESKGKPISELLTFLEEMERIDLVTDLEKYVEETPTREEVEQRKRLEFEKMQGQAAEKP
KTMSDRYDVFIAYAQPDRPFADELVKKLEGPPYNLKVCIDYRDFLRGNDPSAAAAQAIEK
YCRKVLLILSENFNRCERADFQANVALSLSADVRHTNLIPILYKPCEIPTILKFITHLDY
TSKEARQHFWNLLTKALGCSNGCAYNGKKMEQTKAKCKCKRIKDKAKKLFTWGRQSEGKS
SKSNKSDDTGHTVGSTVLDDVVSPERGDVDLPSDHDIPLCDTVAPPLDGDTPLATEEKLL
KDMCTKGHERLVVLLQPSCPLGNDYRLLAAKMGYTNEDIKHLESSHEPVKELMIKYDTGR
RTIAELVSLLQQIDRPDVVQDLQPYIDSTLTPREIQERMHLTNTNVVQRTVKTFYHAFVC
FADEDKPFVDKLVKKMENKRNLHLCWPERDFLPVGSHLETTALAIERRCNKFIVILSQNY
ENSQGAIYQAQIATSLAPGAKEKRIIPVLIDEGYRCSIPRTLSHITYLDYLRQDERNFWN
LLCQTLTMEAFRKWNFFGKGSRLKAKLKRKKTRQHGGCKQESSENELSSNPPPPNSECSQ
EGTLNGKEKSKTNNSSESGIVDSCEQKDVGTSDSDEVSPTTVDLSSTDDEKLLKDMPSEV
YEKLAILLRPTHILGKDYRLLADKMGYKYEYIRYLESLPQPVKELFIKFAREERRTIKEL
LSLLKQIDRPDVVEDLQPYIVILNNISVFYLHCMFLFTAKIDEQKTIRDSYDAFICYDEG
DRAFVDKLVKRMESEPYNRHVCDTRRDLLPGGSRFEGIATAIEKNCRNVVLVWSRNYHDS
EKARFESDVAMSMSTGTKKKLDIIPVLIDDGYRDNIPRSMSHFYYLDYKRLEKELFWNKL
AISLGWKPPNHY",">A0A3M6TVW5_POCDA_Pocillopora_damicornis
MSGEKLVKDLSYEAHFLIYKLLLPPAPGRDWKTLADKMGYTQETILYYECLNNPVKELISDYESKGKPISELLTFLEEMERIDLVTDLEKYVEETPTREEVEQRKRLEFEKMQGQAA",MSGEKLVKDLSYEAHFLIYKLLLPPAPGRDWKTLADKMGYTQETILYYECLNNPVKELISDYESKGKPISELLTFLEEMERIDLVTDLEKYVEETPTREEVEQRKRLEFEKMQGQAA,"ATGTCGGGCGAAAAGCTTGTAAAGGATTTGAGCTACGAGGCACATTTCCTAATTTATAAACTGTTGCTACCCCCCGCACC
TGGGCGAGACTGGAAAACGTTAGCAGACAAAATGGGATACACCCAGGAAACCATATTATATTACGAGTGCTTAAATAATC
CTGTGAAGGAGTTGATCTCAGATTACGAGAGCAAGGGAAAACCCATCTCTGAGTTGCTAACTTTCCTTGAAGAGATGGAG
CGAATAGACCTCGTCACGGACCTGGAGAAATATGTCGAAGAAACACCTACTAGGGAGGAGGTGGAGCAGCGAAAGAGACT
AGAGTTTGAGAAGATGCAAGGTCAAGCGGCT",">A0A3M6TVW5_POCDA_Pocillopora_damicornis
ATGTCGGGCGAAAAGCTTGTAAAGGATTTGAGCTACGAGGCACATTTCCTAATTTATAAACTGTTGCTACCCCCCGCACC
TGGGCGAGACTGGAAAACGTTAGCAGACAAAATGGGATACACCCAGGAAACCATATTATATTACGAGTGCTTAAATAATC
CTGTGAAGGAGTTGATCTCAGATTACGAGAGCAAGGGAAAACCCATCTCTGAGTTGCTAACTTTCCTTGAAGAGATGGAG
CGAATAGACCTCGTCACGGACCTGGAGAAATATGTCGAAGAAACACCTACTAGGGAGGAGGTGGAGCAGCGAAAGAGACT
AGAGTTTGAGAAGATGCAAGGTCAAGCGGCT",PASS,EDLD_34_v2_A0A3M6TVW5_POCDA,EDLD_34,1,118,118,354,EDLD_34_v2_A0A3M6TVW5_POCDA_Pocillopora_damicornis_Cauliflower_Coral (aa 1 - 118),"TTGGAGGCCTAGGCTACGCGTGCCACCATGTCGGGCGAAAAGCTTGTAAAGGATTTGAGCTACGAGGCACATTTCCTAATTTATAAACTGTTGCTACCCCCCGCACC
TGGGCGAGACTGGAAAACGTTAGCAGACAAAATGGGATACACCCAGGAAACCATATTATATTACGAGTGCTTAAATAATC
CTGTGAAGGAGTTGATCTCAGATTACGAGAGCAAGGGAAAACCCATCTCTGAGTTGCTAACTTTCCTTGAAGAGATGGAG
CGAATAGACCTCGTCACGGACCTGGAGAAATATGTCGAAGAAACACCTACTAGGGAGGAGGTGGAGCAGCGAAAGAGACT
AGAGTTTGAGAAGATGCAAGGTCAAGCGGCTGAGAAGCCTTTACAGGTGGCCAGA",406
35,XP_033099244.1,NA,Anneissia_japonica,Annelid_worm_(No_specific_common_name),F,1529436,">XP_033099244.1_Anneissia_japonica
MTTRGYVMMSYQWDDQPMVKKIADRLKQHGYNVWIDIEKMHGFIFDTMADAVKNADVVLACFSEKYQQSD
NCKSEGNCMRQFRKEFIPIKMEAGYSPDGWVATIFGGHLYVDFSQATDPIIFETKIYELLQQLGLKSVFR
DIEAVSMPNVSSPIASATESSIQPKLLSKQDNCPLNEVVFRDLGEELGNDWRRLATFLGVPYVKQEKISA
KHPGDMEEQTIAMLLEWKKATKRGDNRVDILSTALNKAGRIDLAELVEELGGT",">XP_033099244.1_Anneissia_japonica
MASATESSIQPKLLSKQDNCPLNEVVFRDLGEELGNDWRRLATFLGVPYVKQEKISAKHPGDMEEQTIAMLLEWKKATKRGDNRVDILSTALNKAGRIDLAELVEELGGT",MASATESSIQPKLLSKQDNCPLNEVVFRDLGEELGNDWRRLATFLGVPYVKQEKISAKHPGDMEEQTIAMLLEWKKATKRGDNRVDILSTALNKAGRIDLAELVEELGGT,"ATGGCTTCTGCGACAGAGTCTTCTATACAACCAAAGTTATTAAGTAAGCAGGATAACTGTCCTCTGAACGAAGTCGTGTT
CCGTGACCTGGGCGAGGAATTAGGAAACGATTGGAGACGACTGGCCACGTTCCTAGGGGTGCCGTACGTTAAGCAGGAGA
AGATATCAGCAAAACACCCGGGGGACATGGAGGAACAGACCATCGCAATGCTCCTAGAGTGGAAAAAGGCTACTAAACGA
GGGGACAACAGGGTTGATATTCTCTCTACGGCTCTGAACAAAGCGGGACGCATCGACCTGGCTGAATTAGTAGAGGAGTT
AGGGGGCACC",">XP_033099244.1_Anneissia_japonica
ATGGCTTCTGCGACAGAGTCTTCTATACAACCAAAGTTATTAAGTAAGCAGGATAACTGTCCTCTGAACGAAGTCGTGTT
CCGTGACCTGGGCGAGGAATTAGGAAACGATTGGAGACGACTGGCCACGTTCCTAGGGGTGCCGTACGTTAAGCAGGAGA
AGATATCAGCAAAACACCCGGGGGACATGGAGGAACAGACCATCGCAATGCTCCTAGAGTGGAAAAAGGCTACTAAACGA
GGGGACAACAGGGTTGATATTCTCTCTACGGCTCTGAACAAAGCGGGACGCATCGACCTGGCTGAATTAGTAGAGGAGTT
AGGGGGCACC",PASS,EDLD_35_v2_Anneissia_japonica,EDLD_35,155,261,107,321,EDLD_35_v2_Anneissia_japonica_Anneissia_japonica_Annelid_worm_(No_specific_common_name) (aa 155 - 261),"TTGGAGGCCTAGGCTACGCGTGCCACCATGGCTTCTGCGACAGAGTCTTCTATACAACCAAAGTTATTAAGTAAGCAGGATAACTGTCCTCTGAACGAAGTCGTGTT
CCGTGACCTGGGCGAGGAATTAGGAAACGATTGGAGACGACTGGCCACGTTCCTAGGGGTGCCGTACGTTAAGCAGGAGA
AGATATCAGCAAAACACCCGGGGGACATGGAGGAACAGACCATCGCAATGCTCCTAGAGTGGAAAAAGGCTACTAAACGA
GGGGACAACAGGGTTGATATTCTCTCTACGGCTCTGAACAAAGCGGGACGCATCGACCTGGCTGAATTAGTAGAGGAGTT
AGGGGGCACCGGAGGTAGTGGCGGGTCCGAGAAGCCTTTACAGGTGGCCAGA",403
36,XP_009046476.1,V4B650_LOTGI,Lottia_gigantea,Owl_Limpet,F,225164,">V4B650_LOTGI_Lottia_gigantea
MAANYPRISASDRNLHLAVLNVSSYRRLGLFLNIRSSGHEVNDFQGLAEKIGFEYMEILN
FEQDPDPTKRVIREWVQRGDLNPTIGQLFDYLEEMERIDVITECYPLILKDIETFSKKRG
LNFSPLQDQTVSQSTMAANNYKIIDDHTVDETQIMTVEDVEHGSPQLYDAFVCYCPEGED
IKFVKMMISILESEPYNLKLFVPGRNDLPGAASHTVSASLIENRCRRMVIIISHTYLKSP
ACDFQTKFAFCLSPGARSKKLVPVLIEPCTIPSILRHITMCDYTKKDLQEWIWRRLVESI
RAPLNAIEWQERHIESSDITLTISSSYDDLFSSSPNASSTSISTSPAQMSRLSQQSPSSS
NKKSKAHTWSHSTAC",">V4B650_LOTGI_Lottia_gigantea
MNLHLAVLNVSSYRRLGLFLNIRSSGHEVNDFQGLAEKIGFEYMEILNFEQDPDPTKRVIREWVQRGDLNPTIGQLFDYLEEMERIDVITECYPLILKDIETFSKKRGLNFS",MNLHLAVLNVSSYRRLGLFLNIRSSGHEVNDFQGLAEKIGFEYMEILNFEQDPDPTKRVIREWVQRGDLNPTIGQLFDYLEEMERIDVITECYPLILKDIETFSKKRGLNFS,"ATGAACCTTCACTTAGCAGTGCTCAACGTGTCATCTTATAGGAGACTTGGCCTGTTCCTTAATATTCGCTCAAGTGGACA
CGAGGTGAACGACTTTCAGGGGCTAGCCGAAAAGATCGGATTTGAGTACATGGAAATACTGAACTTTGAGCAGGATCCCG
ATCCCACAAAGCGGGTCATCCGCGAATGGGTGCAGCGTGGAGATCTTAATCCCACGATTGGACAACTGTTCGACTACCTT
GAAGAAATGGAGCGAATAGATGTCATAACGGAGTGTTACCCTTTGATTTTGAAGGATATCGAAACGTTCTCTAAAAAGCG
CGGTCTTAATTTTAGC","ATGAACCTTCACTTAGCAGTGCTCAACGTGTCATCTTATAGGAGACTTGGCCTGTTCCTTAATATTCGCTCAAGTGGACA
CGAGGTGAACGACTTTCAGGGGCTAGCCGAAAAGATCGGATTTGAGTACATGGAAATACTGAACTTTGAGCAGGATCCCG
ATCCCACAAAGCGGGTCATCCGCGAATGGGTGCAGCGTGGAGATCTTAATCCCACGATTGGACAACTGTTCGACTACCTT
GAAGAAATGGAGCGAATAGATGTCATAACGGAGTGTTACCCTTTGATTTTGAAGGATATCGAAACGTTCTCTAAAAAGCG
CGGTCTTAATTTTAGC",PASS,EDLD_36_v2_V4B650_LOTGI,EDLD_36,14,124,111,333,EDLD_36_v2_V4B650_LOTGI_Lottia_gigantea_Owl_Limpet (aa 14 - 124),"TTGGAGGCCTAGGCTACGCGTGCCACCATGAACCTTCACTTAGCAGTGCTCAACGTGTCATCTTATAGGAGACTTGGCCTGTTCCTTAATATTCGCTCAAGTGGACA
CGAGGTGAACGACTTTCAGGGGCTAGCCGAAAAGATCGGATTTGAGTACATGGAAATACTGAACTTTGAGCAGGATCCCG
ATCCCACAAAGCGGGTCATCCGCGAATGGGTGCAGCGTGGAGATCTTAATCCCACGATTGGACAACTGTTCGACTACCTT
GAAGAAATGGAGCGAATAGATGTCATAACGGAGTGTTACCCTTTGATTTTGAAGGATATCGAAACGTTCTCTAAAAAGCG
CGGTCTTAATTTTAGCGGAGGTAGTGGCGGGTCCGAGAAGCCTTTACAGGTGGCCAGA",409
37,XP_030856043.1,A0A7M7PU22_STRPU,Strongylocentrotus_purpuratus,Purple_Sea_Urchin,F,7668,">A0A7M7PU22_STRPU_Strongylocentrotus_purpuratus
MNFNDLTVKLHLPGDSERDCGAVVLSKRPAADSSNRDSQVCDKSLSCAPAVSALEKATTT
LEDGNSGCLELMAAEIPEKEPKDENINKIERSMPATGIGWRTTNILSQYLRPPRPGSCDW
RDMAEEMGFSYQLHIQNFALESDPVAKVLSAWCTKPGSNVGKLLDIIEKIERHDVLHELP
AFLEEDCKRWKRTQAEARDPIQVPEVTGNFASSTSDELRGITLNDSPSGPPEMFDAYVCF
AMADLEFVQQLRSQLESKPHNYKLCIDQRDLLPGGSHALVTAEIIKNRCNKMLVILSPEF
LQSPSCDFQTKFAVSLEPGARKRRIIPILVKPCERPLIIQHINLCDFTKQDIRPWFWGRL
RKAMSIR",">A0A7M7PU22_STRPU_Strongylocentrotus_purpuratus
MAAEIPEKEPKDENINKIERSMPATGIGWRTTNILSQYLRPPRPGSCDWRDMAEEMGFSYQLHIQNFALESDPVAKVLSAWCTKPGSNVGKLLDIIEKIERHDVLHELPAFLEEDCKRWKRTQAEA",MAAEIPEKEPKDENINKIERSMPATGIGWRTTNILSQYLRPPRPGSCDWRDMAEEMGFSYQLHIQNFALESDPVAKVLSAWCTKPGSNVGKLLDIIEKIERHDVLHELPAFLEEDCKRWKRTQAEA,"ATGGCAGCAGAGATACCCGAAAAGGAGCCGAAGGACGAGAATATAAACAAAATCGAGAGAAGCATGCCAGCGACTGGCAT
CGGTTGGCGGACAACCAATATACTTAGCCAATACCTTCGTCCGCCACGTCCCGGCAGCTGTGACTGGCGCGATATGGCAG
AGGAGATGGGTTTTTCATATCAGCTGCATATACAAAATTTTGCACTGGAAAGCGATCCTGTAGCGAAAGTACTTTCGGCA
TGGTGCACGAAACCCGGTTCAAACGTCGGAAAATTGTTGGACATTATAGAAAAAATTGAGCGACATGACGTTTTGCACGA
GTTACCCGCTTTCTTGGAGGAAGACTGCAAACGTTGGAAGAGGACTCAGGCTGAGGCC",">A0A7M7PU22_STRPU_Strongylocentrotus_purpuratus
ATGGCAGCAGAGATACCCGAAAAGGAGCCGAAGGACGAGAATATAAACAAAATCGAGAGAAGCATGCCAGCGACTGGCAT
CGGTTGGCGGACAACCAATATACTTAGCCAATACCTTCGTCCGCCACGTCCCGGCAGCTGTGACTGGCGCGATATGGCAG
AGGAGATGGGTTTTTCATATCAGCTGCATATACAAAATTTTGCACTGGAAAGCGATCCTGTAGCGAAAGTACTTTCGGCA
TGGTGCACGAAACCCGGTTCAAACGTCGGAAAATTGTTGGACATTATAGAAAAAATTGAGCGACATGACGTTTTGCACGA
GTTACCCGCTTTCTTGGAGGAAGACTGCAAACGTTGGAAGAGGACTCAGGCTGAGGCC",PASS,EDLD_37_v2_A0A7M7PU22_STRPU,EDLD_37,72,197,126,378,EDLD_37_v2_A0A7M7PU22_STRPU_Strongylocentrotus_purpuratus_Purple_Sea_Urchin (aa 72 - 197),"TTGGAGGCCTAGGCTACGCGTGCCACCATGGCAGCAGAGATACCCGAAAAGGAGCCGAAGGACGAGAATATAAACAAAATCGAGAGAAGCATGCCAGCGACTGGCAT
CGGTTGGCGGACAACCAATATACTTAGCCAATACCTTCGTCCGCCACGTCCCGGCAGCTGTGACTGGCGCGATATGGCAG
AGGAGATGGGTTTTTCATATCAGCTGCATATACAAAATTTTGCACTGGAAAGCGATCCTGTAGCGAAAGTACTTTCGGCA
TGGTGCACGAAACCCGGTTCAAACGTCGGAAAATTGTTGGACATTATAGAAAAAATTGAGCGACATGACGTTTTGCACGA
GTTACCCGCTTTCTTGGAGGAAGACTGCAAACGTTGGAAGAGGACTCAGGCTGAGGCCGGAGGTAGTGGCGGGTCCGAGAAGCCTTTACAGGTGGCCAGA",451
38,CDG67778.1,T2M667_HYDVU,Hydra_vulgaris,Hydra,F,6087,">T2M667_HYDVU_Hydra_vulgaris
MPMDCINKDQILNQSLLYPIMSQVSFLLNPICDGKDWRALAGVFDFTMEEVNILSSACDP
TMELFKYYESKYGKKVTFTYVIESLQNIGRKDITLEIYKYTNDNNFIENKNQDLQYSVTQ
VNNFTLNNSYDVFISYAKDDISFAKLIKNRLENENGFKVCIDYCDFLPGYNPFEQICSVI
EEKCRKVIVILSPNFNESNNCQTQAKIALSLSFEFNKNKVIPILYKKCEIPRILKLLTRL
DCTDPYTSPYF",">T2M667_HYDVU_Hydra_vulgaris
MPMDCINKDQILNQSLLYPIMSQVSFLLNPICDGKDWRALAGVFDFTMEEVNILSSACDPTMELFKYYESKYGKKVTFTYVIESLQNIGRKDITLEIYKYTNDNNFIENKNQDLQYS","MPMDCINKDQILNQSLLYPIMSQVSFLLNPICDGKDWRALAGVFDFTMEEVNILSSACDPTMELFKYYESKYGKKVTFTYVIESLQNIGRKDITLEIYKYTNDNNFIENKNQDLQYS
","ATGCCAATGGACTGTATTAACAAGGACCAAATATTGAATCAGAGCCTGCTTTATCCTATAATGAGCCAGGTTAGTTTCCT
ACTAAACCCTATATGTGACGGAAAAGACTGGCGTGCTTTAGCTGGGGTGTTTGATTTTACAATGGAAGAGGTCAATATTT
TATCCTCTGCATGCGATCCGACAATGGAACTCTTTAAGTACTACGAGTCCAAGTACGGCAAAAAAGTAACCTTTACTTAT
GTGATCGAATCGTTACAAAACATCGGACGTAAGGATATCACTTTGGAAATTTATAAATACACAAACGACAACAATTTTAT
TGAGAATAAAAATCAGGACCTTCAGTACTCG",">T2M667_HYDVU_Hydra_vulgaris
ATGCCAATGGACTGTATTAACAAGGACCAAATATTGAATCAGAGCCTGCTTTATCCTATAATGAGCCAGGTTAGTTTCCT
ACTAAACCCTATATGTGACGGAAAAGACTGGCGTGCTTTAGCTGGGGTGTTTGATTTTACAATGGAAGAGGTCAATATTT
TATCCTCTGCATGCGATCCGACAATGGAACTCTTTAAGTACTACGAGTCCAAGTACGGCAAAAAAGTAACCTTTACTTAT
GTGATCGAATCGTTACAAAACATCGGACGTAAGGATATCACTTTGGAAATTTATAAATACACAAACGACAACAATTTTAT
TGAGAATAAAAATCAGGACCTTCAGTACTCG",PASS,EDLD_38_v2_T2M667_HYDVU,EDLD_38,1,117,117,351,EDLD_38_v2_T2M667_HYDVU_Hydra_vulgaris_Hydra (aa 1 - 117),"TTGGAGGCCTAGGCTACGCGTGCCACCATGCCAATGGACTGTATTAACAAGGACCAAATATTGAATCAGAGCCTGCTTTATCCTATAATGAGCCAGGTTAGTTTCCT
ACTAAACCCTATATGTGACGGAAAAGACTGGCGTGCTTTAGCTGGGGTGTTTGATTTTACAATGGAAGAGGTCAATATTT
TATCCTCTGCATGCGATCCGACAATGGAACTCTTTAAGTACTACGAGTCCAAGTACGGCAAAAAAGTAACCTTTACTTAT
GTGATCGAATCGTTACAAAACATCGGACGTAAGGATATCACTTTGGAAATTTATAAATACACAAACGACAACAATTTTAT
TGAGAATAAAAATCAGGACCTTCAGTACTCGGAGAAGCCTTTACAGGTGGCCAGA",406
39,XP_035660412.1,A0A9J7KIN6_BRAFL,Branchiostoma_floridae,Florida_Lancelet_(or_Florida_Amphioxus),F,7739,">A0A9J7KIN6_BRAFL_Branchiostoma_floridae
MCAQKFQFMNVLSSAFRMSGQERKKITTADRRHFEFVQSLLRISKELTEEETATMKLFCL
HLIPKGQRAQLKRIVDVFHKLMELDKIDQENLEFIEEILERIGRQDLIRDVMRRFQPPDR
EIPENPELQPENPELQPENPEHQPGASLLGTTAEGDVQGFFYDVIKEISHKWDDLARELG
FHDNEIKVIRDLERDHDHRCREMLTRWRNREGREATLEVLKQALKNIGETRTAESLEGPT
TSNTYVVVHGTVRMIQETLDHLKNCLATLCGTRRSQVKFRGYKKHKSILVHFSIPRENTA
VLRHMADQSDPRLVYMGVKSLQIDAEVPIKVQQGAPLYGIKRQLPVDDIEVGCSTRTKRQ
RATVGWTRLSALNLFSDALPLHLQAAASLEYQGFSYSLVRALVQKDRLREHQMRQAIQNL
RNAEVDSNTLRQKAEVDS",">A0A9J7KIN6_BRAFL_Branchiostoma_floridae
MQPGASLLGTTAEGDVQGFFYDVIKEISHKWDDLARELGFHDNEIKVIRDLERDHDHRCREMLTRWRNREGREATLEVLKQALKNIGETRTAESL",MQPGASLLGTTAEGDVQGFFYDVIKEISHKWDDLARELGFHDNEIKVIRDLERDHDHRCREMLTRWRNREGREATLEVLKQALKNIGETRTAESL,"ATGCAACCTGGTGCCTCTCTACTTGGTACGACAGCTGAGGGGGATGTACAGGGGTTTTTCTATGACGTCATTAAGGAGAT
ATCCCACAAGTGGGATGACCTAGCTCGTGAATTGGGTTTCCATGACAACGAAATAAAGGTGATTAGAGACTTAGAGCGAG
ATCACGACCATAGATGCCGGGAGATGCTTACGCGGTGGAGAAACCGTGAGGGGCGTGAGGCAACTCTGGAAGTCCTCAAG
CAAGCATTGAAAAACATCGGGGAAACCAGGACCGCAGAGTCCCTG",">A0A9J7KIN6_BRAFL_Branchiostoma_floridae
ATGCAACCTGGTGCCTCTCTACTTGGTACGACAGCTGAGGGGGATGTACAGGGGTTTTTCTATGACGTCATTAAGGAGAT
ATCCCACAAGTGGGATGACCTAGCTCGTGAATTGGGTTTCCATGACAACGAAATAAAGGTGATTAGAGACTTAGAGCGAG
ATCACGACCATAGATGCCGGGAGATGCTTACGCGGTGGAGAAACCGTGAGGGGCGTGAGGCAACTCTGGAAGTCCTCAAG
CAAGCATTGAAAAACATCGGGGAAACCAGGACCGCAGAGTCCCTG",PASS,EDLD_39_v2_A0A9J7KIN6_BRAFL,EDLD_39,143,236,94,282,EDLD_39_v2_A0A9J7KIN6_BRAFL_Branchiostoma_floridae_Florida_Lancelet_(or_Florida_Amphioxus) (aa 143 - 236),"TTGGAGGCCTAGGCTACGCGTGCCACCATGCAACCTGGTGCCTCTCTACTTGGTACGACAGCTGAGGGGGATGTACAGGGGTTTTTCTATGACGTCATTAAGGAGAT
ATCCCACAAGTGGGATGACCTAGCTCGTGAATTGGGTTTCCATGACAACGAAATAAAGGTGATTAGAGACTTAGAGCGAG
ATCACGACCATAGATGCCGGGAGATGCTTACGCGGTGGAGAAACCGTGAGGGGCGTGAGGCAACTCTGGAAGTCCTCAAG
CAAGCATTGAAAAACATCGGGGAAACCAGGACCGCAGAGTCCCTGGGAGGTAGTGGCGGGTCCGAGAAGCCTTTACAGGTGGCCAGA",357
40,ADR78337.1,E5KCC5_AMPQE,Amphimedon_queenslandica,Great_Barrier_Reef_Sponge,F,400682,">E5KCC5_AMPQE_Amphimedon_queenslandica
MSVLSQQLSFRARHKLAQVLDQENVLGSDWRTLVELMGFTYEMVMLLRAKNSPTMSLLEE
WELREGNGATLESLIVMMEELENVSALQVLQQVKESIHDRPPPRSPLSPLKPNSCSSFSS
DPVERSSTMVAPAGRHCVPSLKPYVDPVNLQHRNGSASTNSSDCEHVQKQLSSLSLDHQN
GDYNKKEGIGDDGGGIEVMIRDRSLSDLDRSLLIDGSDFDIFLSFAPADAEFADEMRLRL
INRAGISVYIASEGLMPGQSFIDEVADKIKRGCRKTIIILSPDYNQCSWCNYEARLAHHK
NPDPKRHTLIPIVYRKCEVPDFMSHLFYLDFSRYKDDHRQCEKYFWDRLYKSVRHQQPGHT",">E5KCC5_AMPQE_Amphimedon_queenslandica
MSVLSQQLSFRARHKLAQVLDQENVLGSDWRTLVELMGFTYEMVMLLRAKNSPTMSLLEEWELREGNGATLESLIVMMEELENVSALQVLQQVKESIHDR",MSVLSQQLSFRARHKLAQVLDQENVLGSDWRTLVELMGFTYEMVMLLRAKNSPTMSLLEEWELREGNGATLESLIVMMEELENVSALQVLQQVKESIHDR,"ATGTCGGTACTGAGCCAACAGCTGTCCTTCCGTGCTCGTCACAAACTAGCGCAGGTTCTTGATCAAGAAAACGTTCTTGG
CAGTGATTGGCGCACGCTCGTCGAGCTTATGGGTTTTACATACGAAATGGTCATGCTTCTTAGGGCTAAAAACTCCCCAA
CCATGTCTCTATTAGAGGAATGGGAGCTACGCGAAGGGAATGGGGCCACACTAGAAAGCCTCATAGTAATGATGGAAGAA
TTGGAAAATGTGAGCGCTCTGCAAGTTCTACAGCAGGTGAAAGAATCGATCCACGATAGA",">E5KCC5_AMPQE_Amphimedon_queenslandica
ATGTCGGTACTGAGCCAACAGCTGTCCTTCCGTGCTCGTCACAAACTAGCGCAGGTTCTTGATCAAGAAAACGTTCTTGG
CAGTGATTGGCGCACGCTCGTCGAGCTTATGGGTTTTACATACGAAATGGTCATGCTTCTTAGGGCTAAAAACTCCCCAA
CCATGTCTCTATTAGAGGAATGGGAGCTACGCGAAGGGAATGGGGCCACACTAGAAAGCCTCATAGTAATGATGGAAGAA
TTGGAAAATGTGAGCGCTCTGCAAGTTCTACAGCAGGTGAAAGAATCGATCCACGATAGA",PASS,EDLD_40_v2_E5KCC5_AMPQE,EDLD_40,1,100,100,300,EDLD_40_v2_E5KCC5_AMPQE_Amphimedon_queenslandica_Great_Barrier_Reef_Sponge (aa 1 - 100),"TTGGAGGCCTAGGCTACGCGTGCCACCATGTCGGTACTGAGCCAACAGCTGTCCTTCCGTGCTCGTCACAAACTAGCGCAGGTTCTTGATCAAGAAAACGTTCTTGG
CAGTGATTGGCGCACGCTCGTCGAGCTTATGGGTTTTACATACGAAATGGTCATGCTTCTTAGGGCTAAAAACTCCCCAA
CCATGTCTCTATTAGAGGAATGGGAGCTACGCGAAGGGAATGGGGCCACACTAGAAAGCCTCATAGTAATGATGGAAGAA
TTGGAAAATGTGAGCGCTCTGCAAGTTCTACAGCAGGTGAAAGAATCGATCCACGATAGAGAGAAGCCTTTACAGGTGGCCAGA",354
41,NA,T1J4H3_STRMM,Strigamia_maritima,European_Centipede,F,126957,">T1J4H3_STRMM_Strigamia_maritima
MMCSVDFKAKMDDNEDEIDHHDLLRNEVGNVPLRALKLSTRMNLCMMLDPIRPIPTKDGL
LKDWQGIAELAKYNNSFIMDLRRNSNRPTEALLAHWEQKENITIGLLIDALIKLGRFDVI
DDLSEQFKENAAVYKESLLGPPESKIDFHNGIVTNIQQNSFIGKPANDNDPNLSRLSLRN
QSEMFTKDDTAQTIQHYDAYVCYTDEDKEFVDMLSANLEGNFKLCIKDRDLLGGVFEHKA
IIELIQERCEKFVVVLSPAFLASAKLEFQTMFAHACSLGIILFFEIYKNHLVQYFFFLEE
RTRKVIPVIYKKCEAPPILQSLAKLDYNNTTFNNFWKRLSASIKSSEGYPRLRSSNSTLS
LQSDFDENLISKSSGYYSLQPESEGNLSSLSCGSEVISSQLHNDSLQPSKAHSLSEISES
NAGKKKKTRHLFKSSFKFFRHKNV",">T1J4H3_STRMM_Strigamia_maritima
MGNVPLRALKLSTRMNLCMMLDPIRPIPTKDGLLKDWQGIAELAKYNNSFIMDLRRNSNRPTEALLAHWEQKENITIGLLIDALIKLGRFDVIDDLSEQFKENAAVYKESLLGP",MGNVPLRALKLSTRMNLCMMLDPIRPIPTKDGLLKDWQGIAELAKYNNSFIMDLRRNSNRPTEALLAHWEQKENITIGLLIDALIKLGRFDVIDDLSEQFKENAAVYKESLLGP,"ATGGGGAATGTCCCATTGCGTGCATTAAAGCTATCTACTCGTATGAATTTGTGTATGATGTTGGACCCGATCCGACCGAT
CCCCACCAAGGATGGCTTGTTGAAAGACTGGCAAGGGATAGCCGAATTAGCTAAGTATAACAACAGCTTCATTATGGATC
TCAGGCGAAATAGTAATAGACCTACCGAGGCCTTGTTAGCGCACTGGGAACAAAAGGAGAATATCACCATAGGGTTACTT
ATAGATGCTTTGATTAAACTCGGCCGGTTCGATGTGATAGATGATCTGAGTGAACAGTTTAAGGAGAACGCGGCTGTCTA
TAAGGAAAGTCTTCTTGGTCCG",">T1J4H3_STRMM_Strigamia_maritima
ATGGGGAATGTCCCATTGCGTGCATTAAAGCTATCTACTCGTATGAATTTGTGTATGATGTTGGACCCGATCCGACCGAT
CCCCACCAAGGATGGCTTGTTGAAAGACTGGCAAGGGATAGCCGAATTAGCTAAGTATAACAACAGCTTCATTATGGATC
TCAGGCGAAATAGTAATAGACCTACCGAGGCCTTGTTAGCGCACTGGGAACAAAAGGAGAATATCACCATAGGGTTACTT
ATAGATGCTTTGATTAAACTCGGCCGGTTCGATGTGATAGATGATCTGAGTGAACAGTTTAAGGAGAACGCGGCTGTCTA
TAAGGAAAGTCTTCTTGGTCCG",PASS,EDLD_41_v2_T1J4H3_STRMM,EDLD_41,29,141,113,339,EDLD_41_v2_T1J4H3_STRMM_Strigamia_maritima_European_Centipede (aa 29 - 141),"TTGGAGGCCTAGGCTACGCGTGCCACCATGGGGAATGTCCCATTGCGTGCATTAAAGCTATCTACTCGTATGAATTTGTGTATGATGTTGGACCCGATCCGACCGAT
CCCCACCAAGGATGGCTTGTTGAAAGACTGGCAAGGGATAGCCGAATTAGCTAAGTATAACAACAGCTTCATTATGGATC
TCAGGCGAAATAGTAATAGACCTACCGAGGCCTTGTTAGCGCACTGGGAACAAAAGGAGAATATCACCATAGGGTTACTT
ATAGATGCTTTGATTAAACTCGGCCGGTTCGATGTGATAGATGATCTGAGTGAACAGTTTAAGGAGAACGCGGCTGTCTA
TAAGGAAAGTCTTCTTGGTCCGGGAGGTAGTGGCGGGTCCGAGAAGCCTTTACAGGTGGCCAGA",415
42,CAB97128.1,Q9N9X2_GEOCY,Geodia_cydonium,Sponge,F,6047,">Q9N9X2_GEOCY_Geodia_cydonium
MADQLARDCGVDPSALKNTVTDDHLTEIKEFIPWKKVGPRLKGISDGDIDDIDRDGFDQP
DKRRRLVNLWAQTNGSQATYYALVEALLKAHMRADAEKVCNLLKGQDGATPGSGATGGSS
GGSS",">Q9N9X2_GEOCY_Geodia_cydonium
MADQLARDCGVDPSALKNTVTDDHLTEIKEFIPWKKVGPRLKGISDGDIDDIDRDGFDQPDKRRRLVNLWAQTNGSQATYYALVEALLKAHMRADAEKVCNLLKGQDGATPGSGATGGSSGGSS",MADQLARDCGVDPSALKNTVTDDHLTEIKEFIPWKKVGPRLKGISDGDIDDIDRDGFDQPDKRRRLVNLWAQTNGSQATYYALVEALLKAHMRADAEKVCNLLKGQDGATPGSGATGGSSGGSS,"ATGGCAGATCAATTAGCGAGAGATTGTGGTGTCGACCCGTCCGCACTGAAAAACACGGTTACTGATGACCACTTGACGGA
GATAAAAGAATTTATCCCTTGGAAAAAAGTCGGCCCCAGACTGAAAGGAATATCCGACGGCGATATAGACGACATCGACC
GCGATGGGTTCGACCAACCGGATAAAAGGCGTCGGCTTGTAAATTTGTGGGCACAAACCAACGGGTCGCAGGCGACCTAT
TACGCCCTAGTCGAAGCACTGCTAAAAGCGCACATGCGGGCCGACGCCGAGAAAGTATGTAATCTGCTGAAGGGGCAAGA
TGGGGCTACACCGGGATCAGGAGCTACGGGTGGGAGTTCCGGAGGGTCTTCG",">Q9N9X2_GEOCY_Geodia_cydonium
ATGGCAGATCAATTAGCGAGAGATTGTGGTGTCGACCCGTCCGCACTGAAAAACACGGTTACTGATGACCACTTGACGGA
GATAAAAGAATTTATCCCTTGGAAAAAAGTCGGCCCCAGACTGAAAGGAATATCCGACGGCGATATAGACGACATCGACC
GCGATGGGTTCGACCAACCGGATAAAAGGCGTCGGCTTGTAAATTTGTGGGCACAAACCAACGGGTCGCAGGCGACCTAT
TACGCCCTAGTCGAAGCACTGCTAAAAGCGCACATGCGGGCCGACGCCGAGAAAGTATGTAATCTGCTGAAGGGGCAAGA
TGGGGCTACACCGGGATCAGGAGCTACGGGTGGGAGTTCCGGAGGGTCTTCG",PASS,EDLD_42_v2_Q9N9X2_GEOCY,EDLD_42,1,124,124,372,EDLD_42_v2_Q9N9X2_GEOCY_Geodia_cydonium_Sponge (aa 1 - 124),"TTGGAGGCCTAGGCTACGCGTGCCACCATGGCAGATCAATTAGCGAGAGATTGTGGTGTCGACCCGTCCGCACTGAAAAACACGGTTACTGATGACCACTTGACGGA
GATAAAAGAATTTATCCCTTGGAAAAAAGTCGGCCCCAGACTGAAAGGAATATCCGACGGCGATATAGACGACATCGACC
GCGATGGGTTCGACCAACCGGATAAAAGGCGTCGGCTTGTAAATTTGTGGGCACAAACCAACGGGTCGCAGGCGACCTAT
TACGCCCTAGTCGAAGCACTGCTAAAAGCGCACATGCGGGCCGACGCCGAGAAAGTATGTAATCTGCTGAAGGGGCAAGA
TGGGGCTACACCGGGATCAGGAGCTACGGGTGGGAGTTCCGGAGGGTCTTCGGGAGGTAGTGGCGGGTCCGAGAAGCCTTTACAGGTGGCCAGA",445
43,NA,A0A0B6Z5I4_9EUPU,Arion_vulgaris,Spanish_Slug,F,1028688,">A0A0B6Z5I4_9EUPU_Arion_vulgaris
VDETVTKVEEIDQKTLSHAPFWSRDVSKLLNPVSEHDWRLLSSRLGYSKDDIRGWAQQAD
PCMALLNEWYAARKTSEATFAVLSQLQEMDRMDAAIIVENAMKNSEAVVEDEGFEYMSPP
PIFISYQWAHQPEVKLLKQHLEMAGYECWLDIGQMGGGDKLFEKIDTGIRAAKIIISCVT
IKYAKSPNCNREVNLAVSLNKPIIPLLLESCTWPPPGSMGPIFSEYLFVRFFQRKGEEIN
DHRYWPKEKFQELLLQVNMFGLPPNDDKIEPEYKNWWMPVVEEIKIDKNKTRDGGQVAHI
EPSAADLKAAEAPDVFISYQWGKQKNIIKLHELLTSLGFSCWLDIKQMGGGDSLYDKIDR
GVRGCKVVVSCVTQKYALSANCRREVSLADALKKPILPLLLEQMTWPPSGPMSMVMTQLL
YINFSKDENTQMTWDGPQFNELVSKIRNYIQPESNEIHTLEASQNIQLSANHAGRPANDT
YSTKEKEEAINLSGAQDSKLNVSSVKLTTSSQNFPRKAGQLQPVTNAHVKPSVTKVQMRK
PHLQAKETPSQQESSIKKSVLTKASSVAKFSSAFKPPARTVLGHQVKPEQLQLSVSSRRL
LKPIPSGPLHNLPPPSPEINISPKTALKTSMPPQSKPSHRPLRLPPLQQSKPSVAQPSSV
KQKQSTASQLKIGGTRTQAKGTNEQV",">A0A0B6Z5I4_9EUPU_Arion_vulgaris
MVDETVTKVEEIDQKTLSHAPFWSRDVSKLLNPVSEHDWRLLSSRLGYSKDDIRGWAQQADPCMALLNEWYAARKTSEATFAVLSQLQEMDRMDAAIIVENAMKNSEAVV
",MVDETVTKVEEIDQKTLSHAPFWSRDVSKLLNPVSEHDWRLLSSRLGYSKDDIRGWAQQADPCMALLNEWYAARKTSEATFAVLSQLQEMDRMDAAIIVENAMKNSEAVV,"ATGGTAGACGAGACGGTCACGAAGGTTGAAGAAATAGACCAGAAGACGCTCTCGCACGCTCCATTTTGGTCACGCGACGT
GTCCAAGTTACTGAATCCGGTGTCCGAGCATGACTGGCGATTGTTATCATCTAGGTTGGGCTACTCTAAAGATGACATCA
GGGGGTGGGCGCAGCAGGCAGACCCGTGCATGGCGCTCCTAAACGAATGGTATGCCGCTCGAAAGACGTCAGAAGCCACA
TTTGCCGTTCTGTCCCAGCTTCAGGAGATGGATAGAATGGATGCCGCGATTATTGTTGAAAACGCGATGAAGAACTCTGA
AGCGGTCGTG",">A0A0B6Z5I4_9EUPU_Arion_vulgaris
ATGGTAGACGAGACGGTCACGAAGGTTGAAGAAATAGACCAGAAGACGCTCTCGCACGCTCCATTTTGGTCACGCGACGT
GTCCAAGTTACTGAATCCGGTGTCCGAGCATGACTGGCGATTGTTATCATCTAGGTTGGGCTACTCTAAAGATGACATCA
GGGGGTGGGCGCAGCAGGCAGACCCGTGCATGGCGCTCCTAAACGAATGGTATGCCGCTCGAAAGACGTCAGAAGCCACA
TTTGCCGTTCTGTCCCAGCTTCAGGAGATGGATAGAATGGATGCCGCGATTATTGTTGAAAACGCGATGAAGAACTCTGA
AGCGGTCGTG",PASS,EDLD_43_v2_A0A0B6Z5I4_9EUPU,EDLD_43,1,109,109,327,EDLD_43_v2_A0A0B6Z5I4_9EUPU_Arion_vulgaris_Spanish_Slug (aa 1 - 109),"TTGGAGGCCTAGGCTACGCGTGCCACCATGGTAGACGAGACGGTCACGAAGGTTGAAGAAATAGACCAGAAGACGCTCTCGCACGCTCCATTTTGGTCACGCGACGT
GTCCAAGTTACTGAATCCGGTGTCCGAGCATGACTGGCGATTGTTATCATCTAGGTTGGGCTACTCTAAAGATGACATCA
GGGGGTGGGCGCAGCAGGCAGACCCGTGCATGGCGCTCCTAAACGAATGGTATGCCGCTCGAAAGACGTCAGAAGCCACA
TTTGCCGTTCTGTCCCAGCTTCAGGAGATGGATAGAATGGATGCCGCGATTATTGTTGAAAACGCGATGAAGAACTCTGA
AGCGGTCGTGGGAGGTAGTGGCGGGTCCGAGAAGCCTTTACAGGTGGCCAGA",403
44,NA,A0A0L8FRT2_OCTBM,Octopus_bimaculoides,California_Two-Spot_Octopus,F,37653,">A0A0L8FRT2_OCTBM_Octopus_bimaculoides
MNTSRSMAQGNSNQSNAKNHTSTTPTDTPTAPTTTATNNNNNNNNNNTNNSSGSSNNNNN
NNTINNYNNNNNNNDRPHFYLLRQQKRVTLSLDTIERNLSSFKIKWFPYNRSISRDELLY
WTEVLCNSSPLKTSLIPNEFMLQIENRSTWRKLPVPVNNELRRIFTRAKLFDRLITRSIN
DLQKIYKDYLNKHCLSFLQEGDPTGLKVPISYEKNIQKWRQEIQNEYTILQCQLTELQDL
GVSLLNYVTTIDRVSQVMSEVLDFLPHIIELIKLWLIEEEIYLKKVEDELSSLLRNKNRC
NKALRQQHLVVKEVRGNYQQQKFISQRLWQDVKATLQEKKVLEQQENILKNNLNVTESEL
SLKKSTRADAEVQFQTHQNTSPMFFDHWTDFIEKQELDICQLRLRRDRVKVEWSRLIKSK
YYCQRKLDDVDSKYQSCKKVLDQMESKLQKEEDDYLKLERDLDSLIAKVDVLERIREQKI
QTHTIETIFMKPKALESESNSDTTFDKASSLVASEIGKDWICLYKILPFRPTRDIRSRMR
DIEIIENQYQSSDQTMKEMAYQALQKWKLFSDHSSIKNLTNALERLNKTEILMMMKKNKF
ISAK",">A0A0L8FRT2_OCTBM_Octopus_bimaculoides
MKPKALESESNSDTTFDKASSLVASEIGKDWICLYKILPFRPTRDIRSRMRDIEIIENQYQSSDQTMKEMAYQALQKWKLFSDHSSIKNLTNALERLNKTEILMMMKKNKFISAK",MKPKALESESNSDTTFDKASSLVASEIGKDWICLYKILPFRPTRDIRSRMRDIEIIENQYQSSDQTMKEMAYQALQKWKLFSDHSSIKNLTNALERLNKTEILMMMKKNKFISAK,"ATGAAACCAAAAGCGTTAGAATCTGAATCGAATAGCGATACCACTTTCGATAAGGCATCATCCTTGGTCGCATCGGAGAT
AGGAAAGGACTGGATTTGTCTATACAAGATTCTTCCTTTCCGCCCGACGAGAGACATTCGTAGTAGAATGCGCGACATTG
AGATCATTGAGAATCAGTATCAGTCCTCGGATCAAACCATGAAGGAGATGGCCTATCAAGCTTTGCAGAAGTGGAAACTC
TTCTCAGATCACTCGTCAATAAAAAACTTAACAAACGCACTGGAGAGGCTTAACAAGACCGAAATCTTAATGATGATGAA
AAAGAATAAGTTCATCAGCGCGAAA",">A0A0L8FRT2_OCTBM_Octopus_bimaculoides
ATGAAACCAAAAGCGTTAGAATCTGAATCGAATAGCGATACCACTTTCGATAAGGCATCATCCTTGGTCGCATCGGAGAT
AGGAAAGGACTGGATTTGTCTATACAAGATTCTTCCTTTCCGCCCGACGAGAGACATTCGTAGTAGAATGCGCGACATTG
AGATCATTGAGAATCAGTATCAGTCCTCGGATCAAACCATGAAGGAGATGGCCTATCAAGCTTTGCAGAAGTGGAAACTC
TTCTCAGATCACTCGTCAATAAAAAACTTAACAAACGCACTGGAGAGGCTTAACAAGACCGAAATCTTAATGATGATGAA
AAAGAATAAGTTCATCAGCGCGAAA",PASS,EDLD_44_v2_A0A0L8FRT2_OCTBM,EDLD_44,490,604,115,345,EDLD_44_v2_A0A0L8FRT2_OCTBM_Octopus_bimaculoides_California_Two-Spot_Octopus (aa 490 - 604),"TTGGAGGCCTAGGCTACGCGTGCCACCATGAAACCAAAAGCGTTAGAATCTGAATCGAATAGCGATACCACTTTCGATAAGGCATCATCCTTGGTCGCATCGGAGAT
AGGAAAGGACTGGATTTGTCTATACAAGATTCTTCCTTTCCGCCCGACGAGAGACATTCGTAGTAGAATGCGCGACATTG
AGATCATTGAGAATCAGTATCAGTCCTCGGATCAAACCATGAAGGAGATGGCCTATCAAGCTTTGCAGAAGTGGAAACTC
TTCTCAGATCACTCGTCAATAAAAAACTTAACAAACGCACTGGAGAGGCTTAACAAGACCGAAATCTTAATGATGATGAA
AAAGAATAAGTTCATCAGCGCGAAAGGAGGTAGTGGCGGGTCCGAGAAGCCTTTACAGGTGGCCAGA",418
45,XP_022332088.1,A0A8B8DWU3_CRAVI,Crassostrea_virginica,Eastern_Oyster,F,6565,">A0A8B8DWU3_CRAVI_Crassostrea_virginica
MSMSEMEILDTNGESISLDDKYKAIPLDALRVSARKKLSLYLNVQSEIVNDTNGLVSDYN
GLAEMVGFGFLEIKEFERQKNPTDELLTEWTNRPDLAPTIGKLWEFLVELGRLDVLQDCK
NLIIRDADNYIRMVEEMKSKESPVQEDWVTSTETAIDHDVDEIAILCKDDVEKGTPQYFD
AFICYSPQGEDLTFVKEMITKLENPPHNLKLFVPWRDDLPGGSRYVIDARLIEMRCKRMV
IIMSRNYQNSAAADFQVKFAHALSPGARSKKLIPVLIESGIQVPQVLRHVTLCDYTKQDL
KDWFWDRLSKAIKAPLDPQNSGYGTKAMTSPSSSSSLSSASSSKPSSDISSGGLGFHAGS
NANVRQELSELCHLPASQSSASISSTSSADGQSYTSRGSAPHPSSDPMEHIDITSMGPDS
MVKKSRKEKKTSFFPKNIFNKFKSSGSNNTSSHC",">A0A8B8DWU3_CRAVI_Crassostrea_virginica
MSMSEMEILDTNGESISLDDKYKAIPLDALRVSARKKLSLYLNVQSEIVNDTNGLVSDYNGLAEMVGFGFLEIKEFERQKNPTDELLTEWTNRPDLAPTIGKLWEFLVELGRLDVLQDCKNLIIRDADNYIRMVEEMKSKESPVQED",MSMSEMEILDTNGESISLDDKYKAIPLDALRVSARKKLSLYLNVQSEIVNDTNGLVSDYNGLAEMVGFGFLEIKEFERQKNPTDELLTEWTNRPDLAPTIGKLWEFLVELGRLDVLQDCKNLIIRDADNYIRMVEEMKSKESPVQED,"ATGAGTATGTCTGAGATGGAGATTTTGGACACCAACGGGGAATCCATTAGTCTGGATGATAAATACAAGGCCATCCCGTT
GGATGCGCTGCGCGTAAGTGCCAGAAAAAAGCTTTCTCTATATCTTAATGTACAGTCAGAAATAGTGAATGATACGAATG
GGTTGGTAAGTGACTATAACGGGTTGGCCGAGATGGTAGGCTTCGGTTTTTTGGAGATCAAGGAGTTCGAGCGACAAAAA
AATCCCACTGATGAGCTATTGACCGAATGGACTAACCGTCCCGACTTAGCCCCAACAATCGGTAAGTTATGGGAGTTTTT
AGTGGAGCTTGGACGTCTCGATGTACTTCAGGATTGCAAGAACCTTATTATACGCGATGCAGATAACTATATACGGATGG
TAGAAGAGATGAAAAGCAAAGAGTCACCCGTACAAGAAGAC",">A0A8B8DWU3_CRAVI_Crassostrea_virginica
ATGAGTATGTCTGAGATGGAGATTTTGGACACCAACGGGGAATCCATTAGTCTGGATGATAAATACAAGGCCATCCCGTT
GGATGCGCTGCGCGTAAGTGCCAGAAAAAAGCTTTCTCTATATCTTAATGTACAGTCAGAAATAGTGAATGATACGAATG
GGTTGGTAAGTGACTATAACGGGTTGGCCGAGATGGTAGGCTTCGGTTTTTTGGAGATCAAGGAGTTCGAGCGACAAAAA
AATCCCACTGATGAGCTATTGACCGAATGGACTAACCGTCCCGACTTAGCCCCAACAATCGGTAAGTTATGGGAGTTTTT
AGTGGAGCTTGGACGTCTCGATGTACTTCAGGATTGCAAGAACCTTATTATACGCGATGCAGATAACTATATACGGATGG
TAGAAGAGATGAAAAGCAAAGAGTCACCCGTACAAGAAGAC",PASS,EDLD_45_v2_A0A8B8DWU3_CRAVI,EDLD_45,1,147,147,441,EDLD_45_v2_A0A8B8DWU3_CRAVI_Crassostrea_virginica_Eastern_Oyster (aa 1 - 147),"TTGGAGGCCTAGGCTACGCGTGCCACCATGAGTATGTCTGAGATGGAGATTTTGGACACCAACGGGGAATCCATTAGTCTGGATGATAAATACAAGGCCATCCCGTT
GGATGCGCTGCGCGTAAGTGCCAGAAAAAAGCTTTCTCTATATCTTAATGTACAGTCAGAAATAGTGAATGATACGAATG
GGTTGGTAAGTGACTATAACGGGTTGGCCGAGATGGTAGGCTTCGGTTTTTTGGAGATCAAGGAGTTCGAGCGACAAAAA
AATCCCACTGATGAGCTATTGACCGAATGGACTAACCGTCCCGACTTAGCCCCAACAATCGGTAAGTTATGGGAGTTTTT
AGTGGAGCTTGGACGTCTCGATGTACTTCAGGATTGCAAGAACCTTATTATACGCGATGCAGATAACTATATACGGATGG
TAGAAGAGATGAAAAGCAAAGAGTCACCCGTACAAGAAGACGGAGGTAGTGGCGGGTCCGAGAAGCCTTTACAGGTGGCCAGA",515
46,XP_002111426.1,B3RUX3_TRIAD,Trichoplax_adhaerens,Placozoan,F,10228,">B3RUX3_TRIAD_Trichoplax_adhaerens
MAEESLAKSLLIEEAFYTALANGNVKASRARCLFLGDKNSGKSSLFRVLSGQMSKVMRKM
SLISDADDAMTSDGILARTRSDSLLPPGLDALMDSAGESDEVFRDDIPLRPQRRSSFIRS
SNQQGWSPNNSISSESGSTSGNQASGSSSNPQLSDFDRHAGKLIAHALKQLYFRNTNKSK
LAECSTWDKRIPYDSVVSYLKSTSSTVTEDLNSTARLRLDFWDISGHKLTRSVHHVHLAK
FGVNLIVFNAVSMLAQEEKQLQSLHYWLNSIRTYTTPTTPVLLVGTHGDELSSDDIKNIN
RQLNKHFMQSFGGQIARSSYDSVMFLVESQHGIKDEGAARLLEKMFDCARRQEYSTHAIP
LSWVMFREQLTRLHKEHNIRCVTVSSLRKLARQVCNITSEQEQTQVLEYLHHGRKIIYPG
ILHGVKKDHVILNTFVIIDTQCVLEAITALIYQPSHCKETKHFQHKWERLTNYAVVDTDL
MLHAWKNSKEPSEVLVSLMEALHIIYRIDDNCDFLTSHLKEKKTLQEFDSKRPGLFSSMK
PARFIMPYLLKNQMDESFWEVSLDDISFYFDFHGFLPQPIFMYTIIDIMSQRGKNASLTT
TICQTGGIFSLFDDIYHFNLQLYAEKCQFKITARCKEGYSAWYLMNELNVMVKNICDKHF
PDVFYHCGPACPMDRCLSADQAFNRVHVLKVDFLNPNAALQCGQIRVDEHPHVKEWLPDD
NIEATIAALKDRKNEQSLDNHIDHLSQSTHDELCRLLNQHTPSVKDWRWLALELMEITTQ
QLVRFKLQDSPSSSLLAEWGKKSHSTVQLLIKKLQDIKRDDCVQILSQWIENHF",">B3RUX3_TRIAD_Trichoplax_adhaerens
MSLDNHIDHLSQSTHDELCRLLNQHTPSVKDWRWLALELMEITTQQLVRFKLQDSPSSSLLAEWGKKSHSTVQLLIKKLQDIKRDDCVQILSQWIENHF",MSLDNHIDHLSQSTHDELCRLLNQHTPSVKDWRWLALELMEITTQQLVRFKLQDSPSSSLLAEWGKKSHSTVQLLIKKLQDIKRDDCVQILSQWIENHF,"ATGTCCCTTGACAACCACATTGATCATCTGTCACAGAGTACTCATGATGAGCTGTGCAGACTGTTGAATCAGCATACACC
ATCGGTTAAGGACTGGCGTTGGCTCGCACTGGAACTAATGGAAATTACGACACAACAGCTGGTGAGGTTTAAACTTCAAG
ATTCTCCATCGTCGTCCCTGCTGGCTGAGTGGGGCAAAAAAAGCCACTCGACGGTACAACTCCTAATCAAGAAGTTGCAG
GACATAAAGCGGGATGACTGCGTCCAGATCCTTTCTCAGTGGATTGAAAATCACTTT",">B3RUX3_TRIAD_Trichoplax_adhaerens
ATGTCCCTTGACAACCACATTGATCATCTGTCACAGAGTACTCATGATGAGCTGTGCAGACTGTTGAATCAGCATACACC
ATCGGTTAAGGACTGGCGTTGGCTCGCACTGGAACTAATGGAAATTACGACACAACAGCTGGTGAGGTTTAAACTTCAAG
ATTCTCCATCGTCGTCCCTGCTGGCTGAGTGGGGCAAAAAAAGCCACTCGACGGTACAACTCCTAATCAAGAAGTTGCAG
GACATAAAGCGGGATGACTGCGTCCAGATCCTTTCTCAGTGGATTGAAAATCACTTT",PASS,EDLD_46_v2_B3RUX3_TRIAD,EDLD_46,737,834,98,294,EDLD_46_v2_B3RUX3_TRIAD_Trichoplax_adhaerens_Placozoan (aa 737 - 834),"TTGGAGGCCTAGGCTACGCGTGCCACCATGTCCCTTGACAACCACATTGATCATCTGTCACAGAGTACTCATGATGAGCTGTGCAGACTGTTGAATCAGCATACACC
ATCGGTTAAGGACTGGCGTTGGCTCGCACTGGAACTAATGGAAATTACGACACAACAGCTGGTGAGGTTTAAACTTCAAG
ATTCTCCATCGTCGTCCCTGCTGGCTGAGTGGGGCAAAAAAAGCCACTCGACGGTACAACTCCTAATCAAGAAGTTGCAG
GACATAAAGCGGGATGACTGCGTCCAGATCCTTTCTCAGTGGATTGAAAATCACTTTGGAGGTAGTGGCGGGTCCGAGAAGCCTTTACAGGTGGCCAGA",369
47,XP_024421621.2,K9ISL7,Desmodus_rotundus,Vampire_bat,F,9430,">tr|K9ISL7|K9ISL7_DESRO_Myeloid_differentiation_primary_response_protein_MyD88_(Fragment)_OS=Desmodus_rotundus_OX=9430_PE=2_SV=1
AEPPGRPTMAAGVPGAGSASPTPSKSSLPLAALNVRVRRRLSLFLNVRAQVAADWTALAE
EMGFEYLEIRRLERHADPTGSLLDDWQGRPGASVGRLLELLAKLGRDDVLLELGPSIEAD
CQKYILKQQQEESEKPLQVAAVDSSVPRTAEMAGITTLDDPMGQMPERFDAFICYCSSDI
QFVQEMIQQLEQTNYRLKLCVSDRDVLPGTCVWSIASELIEKRCRRMVVVVSDDYLQSKE
CDFQTKFALSLSPGAHQKRLIPVKYKAMKKEFPSILRFITVCDYTNPCTKSWFWSRLAKA
LSLP",">K9ISL7_DESRO_Desmodus_rotundus
MAEPPGRPTMAAGVPGAGSASPTPSKSSLPLAALNVRVRRRLSLFLNVRAQVAADWTALAEEMGFEYLEIRRLERHADPTGSLLDDWQGRPGASVGRLLELLAKLGRDDVLLELGPSIEADCQKYILKQQQEES","MAEPPGRPTMAAGVPGAGSASPTPSKSSLPLAALNVRVRRRLSLFLNVRAQVAADWTALAEEMGFEYLEIRRLERHADPTGSLLDDWQGRPGASVGRLLELLAKLGRDDVLLELGPSIEADCQKYILKQQQEES
","ATGGCGGAGCCACCTGGGAGGCCGACAATGGCCGCCGGCGTGCCTGGAGCCGGCAGCGCATCCCCAACCCCATCCAAGTC
CTCTTTACCCTTAGCTGCCTTAAATGTGCGAGTCCGGCGGAGATTAAGTCTTTTCCTGAACGTGCGTGCCCAAGTCGCAG
CAGATTGGACCGCTCTCGCAGAGGAAATGGGGTTCGAATATCTTGAGATACGCCGCTTAGAACGGCACGCTGACCCGACG
GGATCCTTACTGGATGACTGGCAAGGGCGCCCTGGCGCGAGTGTGGGCCGACTACTTGAACTCCTCGCAAAGTTAGGGAG
GGACGACGTCCTTCTAGAACTGGGCCCGTCCATAGAGGCTGATTGTCAGAAATACATTCTGAAGCAACAGCAGGAAGAGT
CG",">K9ISL7_DESRO_Desmodus_rotundus
ATGGCGGAGCCACCTGGGAGGCCGACAATGGCCGCCGGCGTGCCTGGAGCCGGCAGCGCATCCCCAACCCCATCCAAGTC
CTCTTTACCCTTAGCTGCCTTAAATGTGCGAGTCCGGCGGAGATTAAGTCTTTTCCTGAACGTGCGTGCCCAAGTCGCAG
CAGATTGGACCGCTCTCGCAGAGGAAATGGGGTTCGAATATCTTGAGATACGCCGCTTAGAACGGCACGCTGACCCGACG
GGATCCTTACTGGATGACTGGCAAGGGCGCCCTGGCGCGAGTGTGGGCCGACTACTTGAACTCCTCGCAAAGTTAGGGAG
GGACGACGTCCTTCTAGAACTGGGCCCGTCCATAGAGGCTGATTGTCAGAAATACATTCTGAAGCAACAGCAGGAAGAGT
CG",PASS,EDLD_47_v2_K9ISL7,EDLD_47,1,133,133,399,EDLD_47_v2_K9ISL7_Desmodus_rotundus_Vampire_bat (aa 1 - 133),"TTGGAGGCCTAGGCTACGCGTGCCACCATGGCGGAGCCACCTGGGAGGCCGACAATGGCCGCCGGCGTGCCTGGAGCCGGCAGCGCATCCCCAACCCCATCCAAGTC
CTCTTTACCCTTAGCTGCCTTAAATGTGCGAGTCCGGCGGAGATTAAGTCTTTTCCTGAACGTGCGTGCCCAAGTCGCAG
CAGATTGGACCGCTCTCGCAGAGGAAATGGGGTTCGAATATCTTGAGATACGCCGCTTAGAACGGCACGCTGACCCGACG
GGATCCTTACTGGATGACTGGCAAGGGCGCCCTGGCGCGAGTGTGGGCCGACTACTTGAACTCCTCGCAAAGTTAGGGAG
GGACGACGTCCTTCTAGAACTGGGCCCGTCCATAGAGGCTGATTGTCAGAAATACATTCTGAAGCAACAGCAGGAAGAGT
CGGGAGGTAGTGGCGGGTCCGAGAAGCCTTTACAGGTGGCCAGA",476
87,NJO29889.1,NA,Richelia_sp._SL_2_1,BDLD_27,T,2720451,">NJO29889.1_MAG:_5'-methylthioadenosine/S-adenosylhomocysteine_nucleosidase_[Richelia_sp._SL_2_1]
MKKVEIIQDIMIDVATGKSKPEDEEEDYIKIWKDAALQIRELEIIGFPITNPNNFRCLSHWKAHYSCELE
KYQYRRDYVNDLYSNIINPINKATTRYHSIGSSVEDFVGYLKRYLTEAQSIPSISKLREETDQMVSTKNI
NASSPQRKIKELESISNSDLTELRIISPVISTGYSSQNEFYNNRTDVVILTALPKERDAILKYLESPQIV
EYSGRTFHKASIETSKSETVYQAIILCLPSMGNNQAAIATQRAISEFNPSHIILVGIAGGVPKENSRYLG
DIIVGEQIVDYALNKRVQAEQGHSQNQPRYQIYRPARVLLEAAKNLPLQNWAFCVKAQRPDGTTRRVNPA
VHFGVIASGNTVIADQDLRDELKNDWSQLVGIEMEGAGAALAAYESDFMPGIFLVKGMCDWADGSKNDDW
QQYAAETAASFVVELLRTAPFESTLELHPQSNHVSNQEALPQSNLKPQNLVNENPVKATSTVTTKNYSGK
IKISICNKLVRDWEDLADYFDIKLHERETFDKGKEARRVWEWLEQRTKLHELEDAFIAIGREDLVEELNK",">NJO29889.1_Richelia_sp._SL_2_1
MNQEALPQSNLKPQNLVNENPVKATSTVTTKNYSGKIKISICNKLVRDWEDLADYFDIKLHERETFDKGKEARRVWEWLEQRTKLHELEDAFIAIGREDLVEELNK",MNQEALPQSNLKPQNLVNENPVKATSTVTTKNYSGKIKISICNKLVRDWEDLADYFDIKLHERETFDKGKEARRVWEWLEQRTKLHELEDAFIAIGREDLVEELNK,"ATGAATCAGGAGGCATTACCACAAAGTAATCTTAAACCCCAAAATCTCGTGAACGAAAATCCAGTGAAGGCGACCTCGAC
AGTCACCACCAAGAATTACTCGGGTAAAATAAAGATCTCTATCTGCAACAAGTTGGTTCGCGACTGGGAAGACCTCGCCG
ATTACTTCGACATAAAATTGCATGAGAGAGAAACTTTCGATAAAGGTAAAGAAGCAAGGCGCGTTTGGGAATGGCTGGAG
CAGCGCACTAAACTCCACGAGCTAGAAGATGCGTTTATAGCTATTGGGCGAGAAGATTTGGTAGAAGAGCTGAATAAG",">NJO29889.1_MAG:_5'-methylthioadenosine/S-adenosylhomocysteine_nucleosidase_[Richelia_sp._SL_2_1]
ATGAATCAGGAGGCATTACCACAAAGTAATCTTAAACCCCAAAATCTCGTGAACGAAAATCCAGTGAAGGCGACCTCGAC
AGTCACCACCAAGAATTACTCGGGTAAAATAAAGATCTCTATCTGCAACAAGTTGGTTCGCGACTGGGAAGACCTCGCCG
ATTACTTCGACATAAAATTGCATGAGAGAGAAACTTTCGATAAAGGTAAAGAAGCAAGGCGCGTTTGGGAATGGCTGGAG
CAGCGCACTAAACTCCACGAGCTAGAAGATGCGTTTATAGCTATTGGGCGAGAAGATTTGGTAGAAGAGCTGAATAAG",PASS,BDLD_87_v2_NJO29889.1,BDLD_87,456,560,105,315,BDLD_87_v2_NJO29889.1_Richelia_sp._SL_2_1_BDLD_27 (aa 456 - 560),"TTGGAGGCCTAGGCTACGCGTGCCACCATGAATCAGGAGGCATTACCACAAAGTAATCTTAAACCCCAAAATCTCGTGAACGAAAATCCAGTGAAGGCGACCTCGAC
AGTCACCACCAAGAATTACTCGGGTAAAATAAAGATCTCTATCTGCAACAAGTTGGTTCGCGACTGGGAAGACCTCGCCG
ATTACTTCGACATAAAATTGCATGAGAGAGAAACTTTCGATAAAGGTAAAGAAGCAAGGCGCGTTTGGGAATGGCTGGAG
CAGCGCACTAAACTCCACGAGCTAGAAGATGCGTTTATAGCTATTGGGCGAGAAGATTTGGTAGAAGAGCTGAATAAGGGAGGTAGTGGCGGGTCCGAGAAGCCTTTACAGGTGGCCAGA",390
88,HID99201.1,A0A836SDX0,Thiotrichaceae_bacterium,BDLD_13,F,2030882,">tr|A0A836SDX0|A0A836SDX0_9GAMM_Serine_protease_OS=Thiotrichaceae_bacterium_OX=2030882_GN=EYP59_02785_PE=4_SV=1
MRDDALKKRIHNEIANATVKILVEDEFQGSGIFITPDGYILTAYHCIGKYSSKITIETRF
GEQFNAELDDAKSLKHLDYDIAVLKIYEQAAHCLPLGTISTQNVTDEIVAMGYPAGDNPK
HNKIGFFFSQISQIRADNKIQIPDAIKGRGQSGGPVYHYATKRLIGLATEGYKPDVIMDT
GLATRFDALFEKWPELEIINDKVAQAWEKRLLEFGYGGSHSLSRHENTDVTPTDKETSLV
VSGKIKIRFCRRLGSDWQELADYLEIKAYRRSQFQQGRECQAIWEWLEERKKWHILKEAL
GDLERQDLVDLLNTNNK",">A0A836SDX0_Thiotrichaceae_bacterium
MGGSHSLSRHENTDVTPTDKETSLVVSGKIKIRFCRRLGSDWQELADYLEIKAYRRSQFQQGRECQAIWEWLEERKKWHILKEALGDLERQDLVDLLNTNNK",MGGSHSLSRHENTDVTPTDKETSLVVSGKIKIRFCRRLGSDWQELADYLEIKAYRRSQFQQGRECQAIWEWLEERKKWHILKEALGDLERQDLVDLLNTNNK,"ATGAGTATGTCTGAGATGGAGATTTTGGACACCAACGGGGAATCCATTAGTCTGGATGATAAATACAAGGCCATCCCGTT
GGATGCGCTGCGCGTAAGTGCCAGAAAAAAGCTTTCTCTATATCTTAATGTACAGTCAGAAATAGTGAATGATACGAATG
GGTTGGTAAGTGACTATAACGGGTTGGCCGAGATGGTAGGCTTCGGTTTTTTGGAGATCAAGGAGTTCGAGCGACAAAAA
AATCCCACTGATGAGCTATTGACCGAATGGACTAACCGTCCCGACTTAGCCCCAACAATCGGTAAGTTATGGGAGTTTTT
AGTGGAGCTTGGACGTCTCGATGTACTTCAGGATTGCAAGAACCTTATTATACGCGATGCAGATAACTATATACGGATGG
TAGAAGAGATGAAAAGCAAAGAGTCACCCGTACAAGAAGAC",">A0A836SDX0_Thiotrichaceae_bacterium_BDLD_13
ATGAGTATGTCTGAGATGGAGATTTTGGACACCAACGGGGAATCCATTAGTCTGGATGATAAATACAAGGCCATCCCGTT
GGATGCGCTGCGCGTAAGTGCCAGAAAAAAGCTTTCTCTATATCTTAATGTACAGTCAGAAATAGTGAATGATACGAATG
GGTTGGTAAGTGACTATAACGGGTTGGCCGAGATGGTAGGCTTCGGTTTTTTGGAGATCAAGGAGTTCGAGCGACAAAAA
AATCCCACTGATGAGCTATTGACCGAATGGACTAACCGTCCCGACTTAGCCCCAACAATCGGTAAGTTATGGGAGTTTTT
AGTGGAGCTTGGACGTCTCGATGTACTTCAGGATTGCAAGAACCTTATTATACGCGATGCAGATAACTATATACGGATGG
TAGAAGAGATGAAAAGCAAAGAGTCACCCGTACAAGAAGAC",PASS,BDLD_88_v2_A0A836SDX0,BDLD_88,217,317,101,303,BDLD_88_v2_A0A836SDX0_Thiotrichaceae_bacterium_BDLD_13 (aa 217 - 317),"TTGGAGGCCTAGGCTACGCGTGCCACCATGAGTATGTCTGAGATGGAGATTTTGGACACCAACGGGGAATCCATTAGTCTGGATGATAAATACAAGGCCATCCCGTT
GGATGCGCTGCGCGTAAGTGCCAGAAAAAAGCTTTCTCTATATCTTAATGTACAGTCAGAAATAGTGAATGATACGAATG
GGTTGGTAAGTGACTATAACGGGTTGGCCGAGATGGTAGGCTTCGGTTTTTTGGAGATCAAGGAGTTCGAGCGACAAAAA
AATCCCACTGATGAGCTATTGACCGAATGGACTAACCGTCCCGACTTAGCCCCAACAATCGGTAAGTTATGGGAGTTTTT
AGTGGAGCTTGGACGTCTCGATGTACTTCAGGATTGCAAGAACCTTATTATACGCGATGCAGATAACTATATACGGATGG
TAGAAGAGATGAAAAGCAAAGAGTCACCCGTACAAGAAGACGGAGGTAGTGGCGGGTCCGAGAAGCCTTTACAGGTGGCCAGA",515
1,FE772_23065,PROT2_LYSEN,Lysobacter_enzymogenes,Probable_serine_protease,F,69,">sp|A0A0S2DN74|PROT2_LYSEN_Probable_serine_protease_FE772_23065_OS=Lysobacter_enzymogenes_OX=69_GN=FE772_23065_PE=1_SV=1
MVAVVQADYSRAEALAAWTRLSDEFIGNCYVSVRPRHAPAWEVVVASAAGSLRLEAFKRA
HDHDFLDRLAVAIGNWEQKAQRPDHEIAQMLDQVGDYGLMQGMTNPDKGFMHADILLPLL
QARDACAIVVRTEPVFQQLGTAFLVRPDLILTAAHVVMDVDAATGRWASTLKNGLAFHFR
EKPNQREHPTLAIRPAAVALISHALPHGRPPNLLERSLAAPADTCLDYALIRLAQRVSHL
RPVEVVDTAAVKQGKPCWAFGFPGGNALMMDVDLVTDIDPGSGRWLHRANVAAGMSGGCC
INHEGQVAGLHEGTLDSEDDAKVKRNRGISIAAIRRDQCRDGKDPLKQVASSPSLEFRDP
ALVDGWYRAGTALAGEAGAAQWRASVEAALRGRNPDATDSLPAYHPWFARADVEKWIDSA
APDERLSLIHGPPGVGKSFCIHLLRGKLDPYADLVVFNPTQTNDMTWSDATGHAAAANAS
DYRTAAASVRYRAIDDFLGELRDRSAGGTRTCYVAIDFGPAGRQDRFVGTNWVELIAILA
AAGWIRVMLIGLDDYERSVMIDRMESRPETDSVKIAESELAPITAAEFRTYAKHLASARG
KPAPKQAEMAKYVDSAVVGVAEPMKMVAAVRAAIELEAALS",">PROT2_LYSEN_Lysobacter_enzymogenes
MVAVVQADYSRAEALAAWTRLSDEFIGNCYVSVRPRHAPAWEVVVASAAGSLRLEAFKRAHDHDFLDRLAVAIGNWEQKAQRPDHEIAQMLDQVGDYGL",MVAVVQADYSRAEALAAWTRLSDEFIGNCYVSVRPRHAPAWEVVVASAAGSLRLEAFKRAHDHDFLDRLAVAIGNWEQKAQRPDHEIAQMLDQVGDYGL,"ATGGTCGCCGTAGTGCAGGCCGATTACTCGCGGGCGGAAGCACTCGCCGCATGGACTAGGTTGTCAGATGAATTTATTGG
AAACTGCTACGTAAGTGTGCGTCCTCGGCATGCCCCGGCGTGGGAGGTTGTCGTCGCAAGCGCGGCCGGTTCACTACGAT
TAGAGGCGTTCAAGCGGGCACACGATCACGATTTCTTAGACAGATTGGCCGTGGCTATAGGCAATTGGGAACAGAAAGCC
CAACGTCCGGATCATGAGATCGCACAAATGCTTGACCAAGTGGGAGATTACGGCCTA",">PROT2_LYSEN_Lysobacter_enzymogenes
ATGGTCGCCGTAGTGCAGGCCGATTACTCGCGGGCGGAAGCACTCGCCGCATGGACTAGGTTGTCAGATGAATTTATTGG
AAACTGCTACGTAAGTGTGCGTCCTCGGCATGCCCCGGCGTGGGAGGTTGTCGTCGCAAGCGCGGCCGGTTCACTACGAT
TAGAGGCGTTCAAGCGGGCACACGATCACGATTTCTTAGACAGATTGGCCGTGGCTATAGGCAATTGGGAACAGAAAGCC
CAACGTCCGGATCATGAGATCGCACAAATGCTTGACCAAGTGGGAGATTACGGCCTA",PASS,bCARD_1_PROT2_LYSEN,bCARD_1_PROT2_LYSEN,1,99,99,297,bCARD_1_PROT2_LYSEN_Lysobacter_enzymogenes_Probable_serine_protease (aa 1 - 99),"TTGGAGGCCTAGGCTACGCGTGCCACCATGGTCGCCGTAGTGCAGGCCGATTACTCGCGGGCGGAAGCACTCGCCGCATGGACTAGGTTGTCAGATGAATTTATTGG
AAACTGCTACGTAAGTGTGCGTCCTCGGCATGCCCCGGCGTGGGAGGTTGTCGTCGCAAGCGCGGCCGGTTCACTACGAT
TAGAGGCGTTCAAGCGGGCACACGATCACGATTTCTTAGACAGATTGGCCGTGGCTATAGGCAATTGGGAACAGAAAGCC
CAACGTCCGGATCATGAGATCGCACAAATGCTTGACCAAGTGGGAGATTACGGCCTAGAGAAGCCTTTACAGGTGGCCAGA",351
2,PWC39510.1,A0A2U1VUZ9,Azospirillum_sp_TSO35-2,Subtilase,F,716796,">2882854644_hypothetical_protein
MDGTKHVDGVAGNAERLAAWTRLPWEGLRYSYNRERRGTAARSCPQLEAD
VALKAETQPSEIPLERQLILEACREAERFGFLHELSIAIVEMERLNKRPE
AEVEEIAKLWQAAGVMQLMINRDAGLLDASVIYGLEAACEASACVMLDGA
VIGTAFLVGADLVLTSAHVVCGEETPPGAAKSCFARKLKEDLVFLFPKSK
RVPREIQIAPHPNGLIDCSLPHGDPPNTLLRTLGAAAAGKLDYALVRLAR
QVSDIPPLDITNAEWAERDRKCFVIGYPLGSNAPKFDGDTVHDIDTPAGR
IFYRTNTVAGMSGGCCIGARGKPVALHEGGFPTINGSGASLRDGNGQPLA
AVNRAVSLAAIRDLQRKSQADPLLSKPRSPGLVMNEPGLIDDWYKVGLRL
AGPDHQKDWEARVGAALGAVPGAGADLGTEHPWFERKELEAWIDRAKAGP
NHRIAYVTGEPGTGKSFAARIVGAKLDQPERDLVRVTSTLTTMLSWSEAL
AKLGQARDGDTLLRTDPAAVRYADAGTIIATLRRHGGLERTAEGPPLFVA
FDFGPDGAEAADVKPWLELIGQLAAEPWVRILVIALGEQGLTQLDARLQA
APDPLPATEEFDMPAAGEEELIRFIQGIYKERGLTAPRPGVLRERWLKDW
KAGPGLRNAVPALQTAEAVLAALTIYHQVLTDVDSGSAGGQNGG",">A0A2U1VUZ9_Azospirillum_sp_TSO35-2_Subtilase
MDGTKHVDGVAGNAERLAAWTRLPWEGLRYSYNRERRGTAARSCPQLEADVALKAETQPSEIPLERQLILEACREAERFGFLHELSIAIVEMERLNKRPEAEVEEIAKLWQAAGVMQLMINRDAGLLDASVIYGLEAACEASACVMLDGA",MDGTKHVDGVAGNAERLAAWTRLPWEGLRYSYNRERRGTAARSCPQLEADVALKAETQPSEIPLERQLILEACREAERFGFLHELSIAIVEMERLNKRPEAEVEEIAKLWQAAGVMQLMINRDAGLLDASVIYGLEAACEASACVMLDGA,"ATGGATGGCACGAAGCACGTAGATGGCGTGGCAGGTAACGCCGAAAGGTTAGCCGCTTGGACGCGATTACCCTGGGAGGG
CCTCAGGTATAGTTACAACCGTGAGCGCAGAGGAACCGCGGCACGTAGCTGTCCGCAACTGGAAGCGGACGTGGCGCTAA
AGGCCGAGACGCAACCGTCGGAGATTCCGCTAGAACGCCAATTGATATTAGAAGCCTGCCGAGAAGCCGAACGGTTCGGG
TTTCTGCACGAATTGAGTATCGCCATAGTTGAAATGGAGCGCCTTAATAAGCGCCCTGAAGCAGAGGTAGAGGAGATTGC
CAAACTATGGCAGGCGGCCGGGGTAATGCAACTAATGATAAATCGCGATGCCGGACTCCTGGACGCGTCAGTCATTTATG
GGCTCGAGGCGGCGTGCGAAGCCAGTGCCTGCGTAATGTTGGACGGAGCC",">A0A2U1VUZ9_Azospirillum_sp_TSO35-2_Subtilase
ATGGATGGCACGAAGCACGTAGATGGCGTGGCAGGTAACGCCGAAAGGTTAGCCGCTTGGACGCGATTACCCTGGGAGGG
CCTCAGGTATAGTTACAACCGTGAGCGCAGAGGAACCGCGGCACGTAGCTGTCCGCAACTGGAAGCGGACGTGGCGCTAA
AGGCCGAGACGCAACCGTCGGAGATTCCGCTAGAACGCCAATTGATATTAGAAGCCTGCCGAGAAGCCGAACGGTTCGGG
TTTCTGCACGAATTGAGTATCGCCATAGTTGAAATGGAGCGCCTTAATAAGCGCCCTGAAGCAGAGGTAGAGGAGATTGC
CAAACTATGGCAGGCGGCCGGGGTAATGCAACTAATGATAAATCGCGATGCCGGACTCCTGGACGCGTCAGTCATTTATG
GGCTCGAGGCGGCGTGCGAAGCCAGTGCCTGCGTAATGTTGGACGGAGCC
",PASS,bCARD_2_A0A2U1VUZ9,bCARD_2_A0A2U1VUZ9,1,150,150,450,bCARD_2_A0A2U1VUZ9_Azospirillum_sp_TSO35-2_Subtilase (aa 1 - 150),"TTGGAGGCCTAGGCTACGCGTGCCACCATGGATGGCACGAAGCACGTAGATGGCGTGGCAGGTAACGCCGAAAGGTTAGCCGCTTGGACGCGATTACCCTGGGAGGG
CCTCAGGTATAGTTACAACCGTGAGCGCAGAGGAACCGCGGCACGTAGCTGTCCGCAACTGGAAGCGGACGTGGCGCTAA
AGGCCGAGACGCAACCGTCGGAGATTCCGCTAGAACGCCAATTGATATTAGAAGCCTGCCGAGAAGCCGAACGGTTCGGG
TTTCTGCACGAATTGAGTATCGCCATAGTTGAAATGGAGCGCCTTAATAAGCGCCCTGAAGCAGAGGTAGAGGAGATTGC
CAAACTATGGCAGGCGGCCGGGGTAATGCAACTAATGATAAATCGCGATGCCGGACTCCTGGACGCGTCAGTCATTTATG
GGCTCGAGGCGGCGTGCGAAGCCAGTGCCTGCGTAATGTTGGACGGAGCCGGAGGTAGTGGCGGGTCCGAGAAGCCTTTACAGGTGGCCAGA",524
3,Q9ULZ3,ASC_HUMAN,Homo_sapiens,ASC_HUMAN PYD,F,9606,">sp|Q9ULZ3|ASC_HUMAN Apoptosis-associated speck-like protein containing a CARD OS=Homo sapiens OX=9606 GN=PYCARD PE=1 SV=2
MGRARDAILDALENLTAEELKKFKLKLLSVPLREGYGRIPRGALLSMDALDLTDKLVSFY
LETYGAELTANVLRDMGLQEMAGQLQAATHQGSGAAPAGIQAPPQSAAKPGLHFIDQHRA
ALIARVTNVEWLLDALYGKVLTDEQYQAVRAEPTNPSKMRKLFSFTPAWNWTCKDLLLQA
LRESQSYLVEDLERS",">sp|Q9ULZ3|ASC_HUMAN Apoptosis-associated speck-like protein containing a CARD OS=Homo sapiens OX=9606 GN=PYCARD PE=1 SV=2
MGRARDAILDALENLTAEELKKFKLKLLSVPLREGYGRIPRGALLSMDALDLTDKLVSFYLETYGAELTANVLRDMGLQEMAGQLQAATHQGSG",MGRARDAILDALENLTAEELKKFKLKLLSVPLREGYGRIPRGALLSMDALDLTDKLVSFYLETYGAELTANVLRDMGLQEMAGQLQAATHQGSG,"ATGGGGCGCGCACGAGATGCAATACTCGACGCCTTGGAGAATTTGACGGCTGAGGAGCTTAAAAAATTTAAACTGAAATT
GCTAAGTGTACCATTGCGCGAAGGATACGGCCGGATTCCACGCGGTGCGCTATTGAGCATGGACGCGTTAGACCTAACTG
ACAAGTTAGTATCCTTTTACTTAGAGACTTATGGCGCTGAATTAACAGCCAACGTGCTACGGGATATGGGTCTACAAGAG
ATGGCTGGGCAACTCCAAGCTGCCACTCATCAAGGATCTGGC",">hPYD_ASC_HUMAN
ATGGGGCGCGCACGAGATGCAATACTCGACGCCTTGGAGAATTTGACGGCTGAGGAGCTTAAAAAATTTAAACTGAAATT
GCTAAGTGTACCATTGCGCGAAGGATACGGCCGGATTCCACGCGGTGCGCTATTGAGCATGGACGCGTTAGACCTAACTG
ACAAGTTAGTATCCTTTTACTTAGAGACTTATGGCGCTGAATTAACAGCCAACGTGCTACGGGATATGGGTCTACAAGAG
ATGGCTGGGCAACTCCAAGCTGCCACTCATCAAGGATCTGGC",PASS,hPYD_ASC_HUMAN,hPYD_ASC_HUMAN,1,94,94,282,hPYD_ASC_HUMAN_Homo_sapiens_ASC_HUMAN PYD (aa 1 - 94),"TTGGAGGCCTAGGCTACGCGTGCCACCATGGGGCGCGCACGAGATGCAATACTCGACGCCTTGGAGAATTTGACGGCTGAGGAGCTTAAAAAATTTAAACTGAAATT
GCTAAGTGTACCATTGCGCGAAGGATACGGCCGGATTCCACGCGGTGCGCTATTGAGCATGGACGCGTTAGACCTAACTG
ACAAGTTAGTATCCTTTTACTTAGAGACTTATGGCGCTGAATTAACAGCCAACGTGCTACGGGATATGGGTCTACAAGAG
ATGGCTGGGCAACTCCAAGCTGCCACTCATCAAGGATCTGGCGGAGGTAGTGGCGGGTCCGAGAAGCCTTTACAGGTGGCCAGA",354
4,Q9ULZ3,ASC_HUMAN,Homo_sapiens,ASC_HUMAN CARD,F,9606,">sp|Q9ULZ3|ASC_HUMAN Apoptosis-associated speck-like protein containing a CARD OS=Homo sapiens OX=9606 GN=PYCARD PE=1 SV=2
MGRARDAILDALENLTAEELKKFKLKLLSVPLREGYGRIPRGALLSMDALDLTDKLVSFY
LETYGAELTANVLRDMGLQEMAGQLQAATHQGSGAAPAGIQAPPQSAAKPGLHFIDQHRA
ALIARVTNVEWLLDALYGKVLTDEQYQAVRAEPTNPSKMRKLFSFTPAWNWTCKDLLLQA
LRESQSYLVEDLERS",">sp|Q9ULZ3|ASC_HUMAN Apoptosis-associated speck-like protein containing a CARD OS=Homo sapiens OX=9606 GN=PYCARD PE=1 SV=2
MPGLHFIDQHRAALIARVTNVEWLLDALYGKVLTDEQYQAVRAEPTNPSKMRKLFSFTPAWNWTCKDLLLQALRESQSYLVEDLERS
",MPGLHFIDQHRAALIARVTNVEWLLDALYGKVLTDEQYQAVRAEPTNPSKMRKLFSFTPAWNWTCKDLLLQALRESQSYLVEDLERS,"ATGCCAGGGTTGCATTTTATCGATCAACATCGGGCAGCGCTGATAGCAAGAGTAACTAATGTCGAATGGCTACTTGATGC
TTTATACGGGAAGGTTCTCACTGACGAACAGTATCAAGCGGTCAGGGCGGAACCAACTAACCCCTCGAAGATGCGCAAAC
TCTTTTCATTCACCCCCGCGTGGAACTGGACGTGCAAAGACCTCCTACTCCAAGCACTTCGTGAGTCACAGTCTTACCTT
GTAGAAGACCTCGAACGCTCA",">hCARD_ASC_HUMAN
ATGCCAGGGTTGCATTTTATCGATCAACATCGGGCAGCGCTGATAGCAAGAGTAACTAATGTCGAATGGCTACTTGATGC
TTTATACGGGAAGGTTCTCACTGACGAACAGTATCAAGCGGTCAGGGCGGAACCAACTAACCCCTCGAAGATGCGCAAAC
TCTTTTCATTCACCCCCGCGTGGAACTGGACGTGCAAAGACCTCCTACTCCAAGCACTTCGTGAGTCACAGTCTTACCTT
GTAGAAGACCTCGAACGCTCA",PASS,hCARD_ASC_HUMAN,hCARD_ASC_HUMAN,110,195,86,258,hCARD_ASC_HUMAN_Homo_sapiens_ASC_HUMAN CARD (aa 110 - 195),"TTGGAGGCCTAGGCTACGCGTGCCACCATGCCAGGGTTGCATTTTATCGATCAACATCGGGCAGCGCTGATAGCAAGAGTAACTAATGTCGAATGGCTACTTGATGC
TTTATACGGGAAGGTTCTCACTGACGAACAGTATCAAGCGGTCAGGGCGGAACCAACTAACCCCTCGAAGATGCGCAAAC
TCTTTTCATTCACCCCCGCGTGGAACTGGACGTGCAAAGACCTCCTACTCCAAGCACTTCGTGAGTCACAGTCTTACCTT
GTAGAAGACCTCGAACGCTCAGGAGGTAGTGGCGGGTCCGAGAAGCCTTTACAGGTGGCCAGA",333
1,WP094104103,A0A1V6MH75,Streptomyces phaeoluteigriseus,,,,">tr|A0A1V6MH75|A0A1V6MH75_9ACTN Uncharacterized protein OS=Streptomyces phaeoluteigriseus OX=114686 GN=BM536_038800 PE=4 SV=1
MITVLVAAVVFGVCLWVGRSASFGWMPKEEANRWVVATAFATVMATVAATAAGWWAAHEQ
PATAAPPAERVVSQKATASGQGRVNQAGGNQNAPSSPAAGAGGGPGRVEQEAEASDSGSV
NQVGADQHTRPGNDGQQQP",,,,,,WP094104103,WP094104103,,,,,WP094104103,gcttttttggaggcctaggctacgcgtgccaccATGGTCTCTCAGAAAGCTACAGCAAGTGGACAAGGCAGAGTGAACCAAGCTGGCGGGAATCAGAATGCCCCCAGCAGTCCTGCTGCAGGCGCAGGCGGAGGCCCAGGTCGCGTTGAGCAGGAGGCAGAAGCCTCCGACTCCGGCTCTGTAAACCAGGTTGGAGCTGACCAGGGAGGATCAGGCGGATCATCCGAAaagcctttacaggtggccagag,250
2,KUM87944,A0A101N7L8,Streptomyces cellostaticus,,,,">tr|A0A101N7L8|A0A101N7L8_9ACTN Uncharacterized protein OS=Streptomyces cellostaticus OX=67285 GN=AQI88_40275 PE=4 SV=1
MTGRLRALAWSGVVAGAAVAAGLIAVAVFGDLNTAGQLAGIAGAIISLLGLGASMYALVS
YPPTQTDARSMTRATGSRSVAAGGSIGSAVTGDQAHGALAGAGAAPLPQPPSPTSSGRTV
QASGHRAVAAGGDIGNAITGDVSTEPGTS",,,,,,KUM87944,KUM87944,,,,,KUM87944,gcttttttggaggcctaggctacgcgtgccaccATGGACGCCAGATCCATGACACGCGCAACTGGTAGCAGGTCTGTGGCCGCAGGAGGATCCATTGGTTCTGCTGTTACAGGTGACCAAGCCCACGGCGCACTTGCAGGTGCTGGGGCTGCCCCCTTGCCTCAGCCACCCTCCCCCACTTCAAGCGGTAGAACCGTACAGGCATCTGGACATCGCGCCGTTGCTGCTGGTGGAGACATAGGCAATGCCATCACCGGTGACGTTTCCACTGAGCCTGGAACCAGCGGAGGATCAGGCGGATCATCCGAAaagcctttacaggtggccagag,331
3,Syn3xBASS1,Syn3xBASS1,,,,,,,,,,,Syn3xBASS1,Syn3xBASS1,,,,,Syn3xBASS1,gcttttttggaggcctaggctacgcgtgccaccATGAGACATGTTCACCTTAGAGCTCGGGCCAGCGGCAGTGCTAGGATTTATCAGGCCGGTAGGGACCAACATATCACCGAGCGCGGAGGTAGTCCTGGTGGTAGCCCCGCCCCCGCACCAGGTGGGTCAATGGAAGGTCGCGCAAGTGGGAGTGCCAGAATATACCAGGCCGGTGGGGACCAATATATCGAAGAAGGCGGAACTCCTGGGGGATCTCCCGCCCCAGCACCCGGAGGAACCATGGAGGGTCGCGCCTCTGGCTCAGCTCGCATTTACCAAGCAGGAGGAGACCAGTATATTGAGGAAGGAGGATCAGGCGGATCATCCGAAaagcctttacaggtggccagag,385
4,SPF04574,SPF04574,Streptomyces sp. MA5143a,,,,,,,,,,SPF04574,SPF04574,,,,,SPF04574,gcttttttggaggcctaggctacgcgtgccaccatgGTAGATGCTTCTGGTGCAGGAGCTATCGCCGCTGGTGGAAATATTGGATCAGCTTCCACAGGAGGAGGAGCTACTCCTCCCGCTGCTACTGTGCCCACACCAAGCACCGCTACTCCAGCAGCAGGAGTAACTGCAAGTGGCGCCGGCGCAATCGCTGCTGGAGGTAATATCGGTACTGCATCCACTGGTGGAAGCACTCCCCCCGCTACACCTGCACAAACCCAACCTACACCCCCCCCTAGCGGAGCCCCAGGTCCCGGTGCCTCAGTTGCAGCTACCGGCCCCCGCTCCATAGCAGCAGGAGGGGATATAGGGAGCGCTTCCACTGGTAACGGAGGATCAGGCGGATCATCCGAAaagcctttacaggtggccagag,415
5,66306_66307,66306_66307,,,,,,,,,,,66306_66307,66306_66307,,,,,66306_66307,gcttttttggaggcctaggctacgcgtgccaccATGAGTGTACCACGCCCAATGGAGGGAAGGGCTTCTGGTTCAGCCAGAATTTATCAAGCAGGCGGAGATCAATATATAGAAGAACACGTACACCATCATGCCCCCGCTCCCACCATGCCTGCAGCTCCCTCCAGGCCTGCTTCTGGACCCCCATCCATGCCCGAAGAACCAGACGCCCGCCACGTTCATTTGCGAGCACGCGCATCCGGGTCTGCCAGGATCTATCAAGCAGGGAGGGATCAGCACATCACTGAGAGAGGAGGATCAGGCGGATCATCCGAAaagcctttacaggtggccagag,337